account number,name,sku,category,quantity,unit price,ext price,date
296809,Carroll PLC,QN-82852,Belt,13,44.48,578.24,9/27/2014 7:13
98022,Heidenreich-Bosco,MJ-21460,Shoes,19,53.62,1018.78,7/29/2014 2:10
563905,"Kerluke, Reilly and Bechtelar",AS-93055,Shirt,12,24.16,289.92,3/1/2014 10:51
93356,Waters-Walker,AS-93055,Shirt,5,82.68,413.4,11/17/2013 20:41
659366,Waelchi-Fahey,AS-93055,Shirt,18,99.64,1793.52,1/3/2014 8:14
563905,"Kerluke, Reilly and Bechtelar",AS-93055,Shirt,17,52.82,897.94,12/4/2013 2:07
995267,Cole-Eichmann,GS-86623,Shoes,18,15.28,275.04,4/9/2014 16:15
524021,Hegmann and Sons,LL-46261,Shoes,7,78.78,551.46,6/18/2014 19:25
929400,"Senger, Upton and Breitenberg",LW-86841,Shoes,17,38.19,649.23,2/10/2014 5:55
563905,"Kerluke, Reilly and Bechtelar",KV-99194,Shirt,12,26.98,323.76,5/20/2014 0:21
995267,Cole-Eichmann,KV-99194,Shirt,19,60.22,1144.18,3/10/2014 6:23
524021,Hegmann and Sons,QN-82852,Belt,6,13.12,78.72,11/3/2013 18:38
758133,"Kihn, McClure and Denesik",LL-46261,Shoes,4,59.69,238.76,1/11/2014 21:48
555594,"Ernser, Cruickshank and Lind",FK-71853,Shirt,12,97.25,1167,9/19/2014 13:20
201259,Koelpin PLC,GS-86623,Shoes,9,81.44,732.96,8/12/2014 8:05
93356,Waters-Walker,LL-46261,Shoes,18,53.33,959.94,7/15/2014 23:21
563905,"Kerluke, Reilly and Bechtelar",KV-99194,Shirt,4,35.62,142.48,10/5/2014 23:38
201259,Koelpin PLC,KV-99194,Shirt,17,98.23,1669.91,1/26/2014 1:52
758133,"Kihn, McClure and Denesik",WJ-02096,Belt,15,69.52,1042.8,11/13/2013 21:38
296809,Carroll PLC,VG-32047,Shirt,12,80.12,961.44,5/24/2014 16:03
750461,"Volkman, Goyette and Lemke",WJ-02096,Belt,13,81.19,1055.47,1/8/2014 2:45
929400,"Senger, Upton and Breitenberg",LL-46261,Shoes,2,48.15,96.3,4/28/2014 7:01
563905,"Kerluke, Reilly and Bechtelar",MJ-21460,Shoes,1,54.94,54.94,8/9/2014 11:22
734922,Berge LLC,QN-82852,Belt,4,57.75,231,11/4/2013 9:48
296809,Carroll PLC,AS-93055,Shirt,14,47.68,667.52,1/12/2014 0:28
304860,Huel-Haag,QN-82852,Belt,2,41.4,82.8,9/23/2014 2:36
563905,"Kerluke, Reilly and Bechtelar",VG-32047,Shirt,6,58.52,351.12,3/14/2014 2:28
750461,"Volkman, Goyette and Lemke",LL-46261,Shoes,12,96.62,1159.44,12/13/2013 3:19
850140,Kunze Inc,KV-99194,Shirt,12,93.67,1124.04,2/19/2014 6:03
115138,Gorczany-Hahn,VG-32047,Shirt,12,72.63,871.56,2/7/2014 3:30
711951,Kilback-Gerlach,AS-93055,Shirt,2,90.8,181.6,3/26/2014 20:56
676847,Hamill-Hackett,AS-93055,Shirt,6,42.96,257.76,11/14/2013 22:16
711951,Kilback-Gerlach,AS-93055,Shirt,1,71.5,71.5,4/14/2014 16:58
305803,"Davis, Kshlerin and Reilly",AS-93055,Shirt,1,74.43,74.43,9/20/2014 9:49
201259,Koelpin PLC,GS-86623,Shoes,8,35.38,283.04,12/12/2013 2:37
115138,Gorczany-Hahn,QN-82852,Belt,16,24.87,397.92,2/20/2014 7:42
296809,Carroll PLC,WJ-02096,Belt,14,15.33,214.62,12/3/2013 1:25
93356,Waters-Walker,AS-93055,Shirt,12,94.34,1132.08,9/4/2014 13:39
850140,Kunze Inc,MJ-21460,Shoes,18,12.78,230.04,2/20/2014 13:18
676847,Hamill-Hackett,LL-46261,Shoes,3,28.71,86.13,1/2/2014 12:49
115138,Gorczany-Hahn,VG-32047,Shirt,11,11.21,123.31,12/10/2013 20:13
201259,Koelpin PLC,KV-99194,Shirt,4,29.79,119.16,11/7/2013 17:43
201259,Koelpin PLC,LW-86841,Shoes,11,35.82,394.02,6/21/2014 19:49
676847,Hamill-Hackett,WJ-02096,Belt,6,55.43,332.58,8/8/2014 13:50
304860,Huel-Haag,GS-86623,Shoes,4,95.75,383,3/15/2014 12:50
304860,Huel-Haag,MJ-21460,Shoes,10,12.63,126.3,6/5/2014 22:34
850140,Kunze Inc,MJ-21460,Shoes,10,26.21,262.1,4/21/2014 2:14
758133,"Kihn, McClure and Denesik",LW-86841,Shoes,11,92.1,1013.1,3/21/2014 14:26
750461,"Volkman, Goyette and Lemke",MJ-21460,Shoes,10,98.27,982.7,10/2/2014 4:41
555594,"Ernser, Cruickshank and Lind",FK-71853,Shirt,6,65.4,392.4,9/17/2014 19:15
995267,Cole-Eichmann,KV-99194,Shirt,10,23.79,237.9,11/17/2013 23:56
201259,Koelpin PLC,MJ-21460,Shoes,7,52.01,364.07,5/23/2014 17:49
758133,"Kihn, McClure and Denesik",FK-71853,Shirt,11,13.06,143.66,3/1/2014 8:58
850140,Kunze Inc,GS-86623,Shoes,14,92.43,1294.02,8/3/2014 21:22
201259,Koelpin PLC,FK-71853,Shirt,14,57.69,807.66,5/26/2014 16:29
555594,"Ernser, Cruickshank and Lind",KV-99194,Shirt,10,83.05,830.5,1/5/2014 10:16
98022,Heidenreich-Bosco,GS-86623,Shoes,10,26.49,264.9,2/12/2014 7:27
929400,"Senger, Upton and Breitenberg",GS-86623,Shoes,15,88.24,1323.6,7/9/2014 19:31
305803,"Davis, Kshlerin and Reilly",LL-46261,Shoes,13,75.38,979.94,3/5/2014 9:26
850140,Kunze Inc,LW-86841,Shoes,16,66.61,1065.76,7/25/2014 22:56
734922,Berge LLC,GS-86623,Shoes,3,99.88,299.64,8/4/2014 23:08
995267,Cole-Eichmann,AS-93055,Shirt,7,41.75,292.25,7/8/2014 15:01
115138,Gorczany-Hahn,AS-93055,Shirt,13,22.23,288.99,1/13/2014 18:31
929400,"Senger, Upton and Breitenberg",QN-82852,Belt,18,71.38,1284.84,9/24/2014 4:14
98022,Heidenreich-Bosco,LW-86841,Shoes,9,89.82,808.38,11/30/2013 23:19
115138,Gorczany-Hahn,KV-99194,Shirt,10,85.12,851.2,5/17/2014 3:23
555594,"Ernser, Cruickshank and Lind",VG-32047,Shirt,17,75.04,1275.68,2/9/2014 16:56
750461,"Volkman, Goyette and Lemke",KV-99194,Shirt,3,45.05,135.15,2/17/2014 4:26
563905,"Kerluke, Reilly and Bechtelar",GS-86623,Shoes,16,76.77,1228.32,1/5/2014 2:40
659366,Waelchi-Fahey,VG-32047,Shirt,11,99.09,1089.99,7/15/2014 21:09
555594,"Ernser, Cruickshank and Lind",AS-93055,Shirt,3,71.25,213.75,9/29/2014 6:24
563905,"Kerluke, Reilly and Bechtelar",QN-82852,Belt,14,40.3,564.2,1/15/2014 18:10
659366,Waelchi-Fahey,AS-93055,Shirt,1,10.38,10.38,9/12/2014 21:26
304860,Huel-Haag,GS-86623,Shoes,8,69.32,554.56,8/5/2014 15:34
758133,"Kihn, McClure and Denesik",QN-82852,Belt,12,82.74,992.88,7/28/2014 0:55
524021,Hegmann and Sons,QN-82852,Belt,17,81.64,1387.88,5/29/2014 5:51
676847,Hamill-Hackett,LL-46261,Shoes,5,50.63,253.15,10/22/2014 11:43
850140,Kunze Inc,LW-86841,Shoes,6,81.41,488.46,9/11/2014 8:41
115138,Gorczany-Hahn,QN-82852,Belt,13,18.45,239.85,1/19/2014 21:22
563905,"Kerluke, Reilly and Bechtelar",AS-93055,Shirt,17,17.36,295.12,1/29/2014 14:09
304860,Huel-Haag,AS-93055,Shirt,9,55.09,495.81,6/28/2014 22:39
995267,Cole-Eichmann,LL-46261,Shoes,3,17.54,52.62,1/17/2014 19:11
758133,"Kihn, McClure and Denesik",AS-93055,Shirt,7,82.51,577.57,1/13/2014 8:06
304860,Huel-Haag,WJ-02096,Belt,3,14.9,44.7,11/21/2013 14:28
659366,Waelchi-Fahey,FK-71853,Shirt,6,89.05,534.3,5/15/2014 2:19
563905,"Kerluke, Reilly and Bechtelar",QN-82852,Belt,18,57.99,1043.82,9/25/2014 6:23
201259,Koelpin PLC,VG-32047,Shirt,1,35.82,35.82,4/1/2014 11:12
734922,Berge LLC,LW-86841,Shoes,5,56,280,11/22/2013 17:45
555594,"Ernser, Cruickshank and Lind",WJ-02096,Belt,7,77.52,542.64,2/1/2014 9:30
555594,"Ernser, Cruickshank and Lind",LL-46261,Shoes,12,47.07,564.84,8/8/2014 11:08
758133,"Kihn, McClure and Denesik",KV-99194,Shirt,18,70.12,1262.16,10/25/2013 3:43
563905,"Kerluke, Reilly and Bechtelar",VG-32047,Shirt,20,28.61,572.2,9/30/2014 19:16
115138,Gorczany-Hahn,FK-71853,Shirt,12,73.92,887.04,5/15/2014 13:22
201259,Koelpin PLC,FK-71853,Shirt,2,38.82,77.64,12/10/2013 17:54
299771,"Kuphal, Zieme and Kub",KV-99194,Shirt,14,69.26,969.64,1/20/2014 20:34
734922,Berge LLC,GS-86623,Shoes,19,28.54,542.26,10/26/2013 17:03
296809,Carroll PLC,LL-46261,Shoes,7,79.15,554.05,3/7/2014 9:38
299771,"Kuphal, Zieme and Kub",GS-86623,Shoes,20,36.19,723.8,7/2/2014 8:35
750461,"Volkman, Goyette and Lemke",LL-46261,Shoes,19,93.21,1770.99,4/20/2014 18:58
201259,Koelpin PLC,MJ-21460,Shoes,5,23.76,118.8,8/17/2014 11:00
115138,Gorczany-Hahn,FK-71853,Shirt,2,44.1,88.2,8/9/2014 18:31
115138,Gorczany-Hahn,LL-46261,Shoes,20,41.05,821,2/20/2014 7:29
305803,"Davis, Kshlerin and Reilly",LW-86841,Shoes,19,47.78,907.82,2/22/2014 13:15
711951,Kilback-Gerlach,LW-86841,Shoes,9,95.92,863.28,5/29/2014 22:08
93356,Waters-Walker,GS-86623,Shoes,4,50.1,200.4,8/11/2014 2:09
98022,Heidenreich-Bosco,WJ-02096,Belt,10,75.51,755.1,10/22/2013 23:19
555594,"Ernser, Cruickshank and Lind",VG-32047,Shirt,19,64.38,1223.22,9/2/2014 21:51
524021,Hegmann and Sons,FK-71853,Shirt,12,17.42,209.04,1/22/2014 14:25
115138,Gorczany-Hahn,MJ-21460,Shoes,11,81.67,898.37,9/6/2014 11:50
555594,"Ernser, Cruickshank and Lind",VG-32047,Shirt,6,74.08,444.48,2/28/2014 18:37
299771,"Kuphal, Zieme and Kub",MJ-21460,Shoes,18,25.91,466.38,8/12/2014 22:48
524021,Hegmann and Sons,LL-46261,Shoes,6,57.32,343.92,12/20/2013 12:38
750461,"Volkman, Goyette and Lemke",QN-82852,Belt,6,78.61,471.66,12/18/2013 12:13
563905,"Kerluke, Reilly and Bechtelar",MJ-21460,Shoes,5,50.85,254.25,8/2/2014 5:30
750461,"Volkman, Goyette and Lemke",FK-71853,Shirt,13,72.12,937.56,3/9/2014 14:23
299771,"Kuphal, Zieme and Kub",MJ-21460,Shoes,14,24.91,348.74,4/6/2014 19:20
555594,"Ernser, Cruickshank and Lind",MJ-21460,Shoes,9,43.25,389.25,4/26/2014 16:22
299771,"Kuphal, Zieme and Kub",QN-82852,Belt,12,66.32,795.84,11/19/2013 4:47
659366,Waelchi-Fahey,AS-93055,Shirt,2,24.3,48.6,11/10/2013 13:25
734922,Berge LLC,MJ-21460,Shoes,12,53.7,644.4,9/27/2014 2:51
201259,Koelpin PLC,LL-46261,Shoes,16,80.82,1293.12,8/19/2014 0:53
555594,"Ernser, Cruickshank and Lind",QN-82852,Belt,10,91.71,917.1,6/25/2014 19:11
563905,"Kerluke, Reilly and Bechtelar",KV-99194,Shirt,11,16.05,176.55,9/26/2014 3:52
93356,Waters-Walker,VG-32047,Shirt,17,86.18,1465.06,8/13/2014 15:42
758133,"Kihn, McClure and Denesik",LW-86841,Shoes,14,87.56,1225.84,4/27/2014 7:55
676847,Hamill-Hackett,GS-86623,Shoes,20,27.49,549.8,7/2/2014 12:51
93356,Waters-Walker,GS-86623,Shoes,4,73.11,292.44,8/21/2014 19:29
758133,"Kihn, McClure and Denesik",FK-71853,Shirt,11,90.64,997.04,5/11/2014 6:10
555594,"Ernser, Cruickshank and Lind",KV-99194,Shirt,12,72.17,866.04,9/15/2014 20:49
659366,Waelchi-Fahey,LL-46261,Shoes,9,50.76,456.84,8/29/2014 11:32
93356,Waters-Walker,FK-71853,Shirt,16,21.43,342.88,5/25/2014 0:38
93356,Waters-Walker,LL-46261,Shoes,20,21.09,421.8,12/23/2013 4:50
524021,Hegmann and Sons,VG-32047,Shirt,20,25.37,507.4,7/19/2014 17:18
676847,Hamill-Hackett,KV-99194,Shirt,20,29.59,591.8,1/1/2014 19:55
995267,Cole-Eichmann,KV-99194,Shirt,17,20.24,344.08,10/1/2014 21:20
850140,Kunze Inc,WJ-02096,Belt,13,71.35,927.55,6/9/2014 20:22
524021,Hegmann and Sons,KV-99194,Shirt,16,79.67,1274.72,10/25/2013 7:31
711951,Kilback-Gerlach,LW-86841,Shoes,2,60.75,121.5,5/17/2014 13:10
299771,"Kuphal, Zieme and Kub",KV-99194,Shirt,5,44.47,222.35,4/11/2014 5:00
93356,Waters-Walker,GS-86623,Shoes,2,86.17,172.34,3/12/2014 14:25
555594,"Ernser, Cruickshank and Lind",LW-86841,Shoes,14,54.5,763,10/6/2014 9:47
299771,"Kuphal, Zieme and Kub",AS-93055,Shirt,18,37.75,679.5,4/5/2014 20:02
299771,"Kuphal, Zieme and Kub",FK-71853,Shirt,20,32.7,654,4/26/2014 5:18
296809,Carroll PLC,MJ-21460,Shoes,15,93.06,1395.9,8/17/2014 18:39
750461,"Volkman, Goyette and Lemke",LL-46261,Shoes,17,49.59,843.03,10/29/2013 12:57
750461,"Volkman, Goyette and Lemke",WJ-02096,Belt,17,45.43,772.31,5/9/2014 6:44
711951,Kilback-Gerlach,AS-93055,Shirt,2,31.54,63.08,1/26/2014 5:15
304860,Huel-Haag,LW-86841,Shoes,6,93.02,558.12,11/23/2013 8:51
750461,"Volkman, Goyette and Lemke",FK-71853,Shirt,16,57.02,912.32,10/14/2014 14:07
711951,Kilback-Gerlach,FK-71853,Shirt,11,53.17,584.87,6/10/2014 15:11
305803,"Davis, Kshlerin and Reilly",LL-46261,Shoes,12,52.51,630.12,8/3/2014 3:39
115138,Gorczany-Hahn,MJ-21460,Shoes,13,96.31,1252.03,12/3/2013 4:04
201259,Koelpin PLC,LW-86841,Shoes,16,90.97,1455.52,8/29/2014 7:41
734922,Berge LLC,KV-99194,Shirt,7,64.02,448.14,11/5/2013 3:55
563905,"Kerluke, Reilly and Bechtelar",GS-86623,Shoes,15,18.41,276.15,3/2/2014 17:47
305803,"Davis, Kshlerin and Reilly",MJ-21460,Shoes,2,29.63,59.26,3/27/2014 23:48
750461,"Volkman, Goyette and Lemke",FK-71853,Shirt,4,46.82,187.28,2/15/2014 6:51
850140,Kunze Inc,VG-32047,Shirt,9,93.69,843.21,3/20/2014 15:25
93356,Waters-Walker,GS-86623,Shoes,15,64.11,961.65,10/23/2013 8:28
304860,Huel-Haag,LL-46261,Shoes,3,48.87,146.61,4/3/2014 22:36
929400,"Senger, Upton and Breitenberg",MJ-21460,Shoes,14,87.01,1218.14,12/14/2013 16:40
929400,"Senger, Upton and Breitenberg",KV-99194,Shirt,4,17.98,71.92,7/22/2014 19:10
734922,Berge LLC,AS-93055,Shirt,10,93.77,937.7,8/17/2014 9:21
734922,Berge LLC,MJ-21460,Shoes,6,84.73,508.38,7/20/2014 18:27
711951,Kilback-Gerlach,QN-82852,Belt,11,45.49,500.39,11/12/2013 10:13
299771,"Kuphal, Zieme and Kub",LL-46261,Shoes,17,70.23,1193.91,8/14/2014 13:57
995267,Cole-Eichmann,FK-71853,Shirt,10,51.29,512.9,9/16/2014 5:26
93356,Waters-Walker,AS-93055,Shirt,16,75.48,1207.68,8/23/2014 4:04
676847,Hamill-Hackett,MJ-21460,Shoes,19,56.9,1081.1,10/21/2014 8:46
524021,Hegmann and Sons,FK-71853,Shirt,10,71.89,718.9,9/11/2014 0:45
929400,"Senger, Upton and Breitenberg",MJ-21460,Shoes,10,13.02,130.2,6/30/2014 10:31
304860,Huel-Haag,MJ-21460,Shoes,3,79.49,238.47,6/2/2014 13:06
734922,Berge LLC,AS-93055,Shirt,11,81.53,896.83,9/1/2014 17:46
659366,Waelchi-Fahey,LL-46261,Shoes,1,18.68,18.68,5/19/2014 18:10
201259,Koelpin PLC,MJ-21460,Shoes,20,45.32,906.4,7/6/2014 22:06
711951,Kilback-Gerlach,AS-93055,Shirt,10,68.74,687.4,3/27/2014 12:14
750461,"Volkman, Goyette and Lemke",AS-93055,Shirt,10,90,900,7/10/2014 22:17
995267,Cole-Eichmann,WJ-02096,Belt,6,20.3,121.8,5/23/2014 10:24
563905,"Kerluke, Reilly and Bechtelar",VG-32047,Shirt,17,58.67,997.39,12/8/2013 13:43
659366,Waelchi-Fahey,FK-71853,Shirt,2,12.68,25.36,4/27/2014 3:38
676847,Hamill-Hackett,GS-86623,Shoes,17,49.68,844.56,1/28/2014 15:37
524021,Hegmann and Sons,MJ-21460,Shoes,2,95.37,190.74,3/30/2014 8:27
524021,Hegmann and Sons,AS-93055,Shirt,20,96.98,1939.6,6/13/2014 18:23
296809,Carroll PLC,VG-32047,Shirt,16,23.79,380.64,2/26/2014 18:22
995267,Cole-Eichmann,KV-99194,Shirt,2,37.86,75.72,4/4/2014 19:30
304860,Huel-Haag,KV-99194,Shirt,9,66.18,595.62,1/15/2014 11:55
524021,Hegmann and Sons,KV-99194,Shirt,6,98.89,593.34,4/22/2014 0:24
758133,"Kihn, McClure and Denesik",VG-32047,Shirt,4,25.02,100.08,5/26/2014 6:54
563905,"Kerluke, Reilly and Bechtelar",WJ-02096,Belt,16,64.58,1033.28,12/17/2013 23:35
305803,"Davis, Kshlerin and Reilly",FK-71853,Shirt,18,48.7,876.6,2/10/2014 8:43
734922,Berge LLC,QN-82852,Belt,16,24.66,394.56,12/12/2013 0:57
563905,"Kerluke, Reilly and Bechtelar",LW-86841,Shoes,5,43.15,215.75,4/6/2014 6:24
296809,Carroll PLC,QN-82852,Belt,2,54.52,109.04,8/24/2014 9:43
929400,"Senger, Upton and Breitenberg",WJ-02096,Belt,8,91.14,729.12,6/11/2014 10:12
98022,Heidenreich-Bosco,LW-86841,Shoes,13,65.79,855.27,6/28/2014 4:47
750461,"Volkman, Goyette and Lemke",AS-93055,Shirt,8,14.73,117.84,3/19/2014 5:18
758133,"Kihn, McClure and Denesik",VG-32047,Shirt,14,96.18,1346.52,10/4/2014 9:49
524021,Hegmann and Sons,MJ-21460,Shoes,6,81.1,486.6,2/15/2014 15:29
98022,Heidenreich-Bosco,FK-71853,Shirt,12,38.32,459.84,6/25/2014 9:29
929400,"Senger, Upton and Breitenberg",FK-71853,Shirt,3,51.8,155.4,3/31/2014 4:17
850140,Kunze Inc,FK-71853,Shirt,13,40.29,523.77,9/1/2014 23:53
98022,Heidenreich-Bosco,KV-99194,Shirt,10,22.17,221.7,2/26/2014 6:59
711951,Kilback-Gerlach,MJ-21460,Shoes,15,43.41,651.15,3/9/2014 0:29
115138,Gorczany-Hahn,KV-99194,Shirt,11,67.32,740.52,2/28/2014 18:44
524021,Hegmann and Sons,FK-71853,Shirt,3,17.9,53.7,10/14/2014 19:22
563905,"Kerluke, Reilly and Bechtelar",LW-86841,Shoes,7,44.27,309.89,10/8/2014 13:05
524021,Hegmann and Sons,FK-71853,Shirt,18,51.72,930.96,2/14/2014 0:05
305803,"Davis, Kshlerin and Reilly",AS-93055,Shirt,9,22.01,198.09,4/8/2014 3:17
563905,"Kerluke, Reilly and Bechtelar",KV-99194,Shirt,10,36.38,363.8,1/2/2014 13:43
304860,Huel-Haag,FK-71853,Shirt,11,63.78,701.58,7/15/2014 23:58
201259,Koelpin PLC,MJ-21460,Shoes,10,56.51,565.1,9/22/2014 16:34
555594,"Ernser, Cruickshank and Lind",AS-93055,Shirt,2,10.47,20.94,4/23/2014 15:24
734922,Berge LLC,GS-86623,Shoes,8,21.39,171.12,3/12/2014 11:43
201259,Koelpin PLC,LL-46261,Shoes,13,26.49,344.37,9/9/2014 14:59
758133,"Kihn, McClure and Denesik",VG-32047,Shirt,20,95.6,1912,10/12/2014 20:10
995267,Cole-Eichmann,LL-46261,Shoes,17,72.91,1239.47,2/26/2014 16:19
659366,Waelchi-Fahey,FK-71853,Shirt,15,89.45,1341.75,9/9/2014 9:21
305803,"Davis, Kshlerin and Reilly",KV-99194,Shirt,4,63.39,253.56,9/15/2014 18:49
305803,"Davis, Kshlerin and Reilly",QN-82852,Belt,15,51.64,774.6,9/7/2014 2:44
115138,Gorczany-Hahn,LW-86841,Shoes,6,72.98,437.88,6/15/2014 3:34
850140,Kunze Inc,MJ-21460,Shoes,8,63.28,506.24,6/21/2014 21:09
555594,"Ernser, Cruickshank and Lind",WJ-02096,Belt,15,63.31,949.65,4/23/2014 6:25
734922,Berge LLC,MJ-21460,Shoes,10,44.59,445.9,5/4/2014 18:52
563905,"Kerluke, Reilly and Bechtelar",LW-86841,Shoes,7,41.87,293.09,12/9/2013 1:15
299771,"Kuphal, Zieme and Kub",LW-86841,Shoes,4,35,140,4/13/2014 20:37
659366,Waelchi-Fahey,WJ-02096,Belt,13,68.39,889.07,11/27/2013 12:45
555594,"Ernser, Cruickshank and Lind",LL-46261,Shoes,8,82.19,657.52,7/19/2014 13:51
296809,Carroll PLC,AS-93055,Shirt,1,58.8,58.8,9/6/2014 13:00
296809,Carroll PLC,QN-82852,Belt,16,27.44,439.04,7/6/2014 13:23
296809,Carroll PLC,MJ-21460,Shoes,14,99.5,1393,6/7/2014 23:28
929400,"Senger, Upton and Breitenberg",MJ-21460,Shoes,3,56.34,169.02,7/13/2014 9:41
995267,Cole-Eichmann,LW-86841,Shoes,9,83.87,754.83,7/28/2014 1:53
296809,Carroll PLC,MJ-21460,Shoes,19,56.63,1075.97,12/8/2013 2:40
711951,Kilback-Gerlach,WJ-02096,Belt,1,56.95,56.95,3/8/2014 15:50
524021,Hegmann and Sons,GS-86623,Shoes,10,31.81,318.1,11/18/2013 23:11
995267,Cole-Eichmann,QN-82852,Belt,13,40.34,524.42,9/8/2014 14:00
758133,"Kihn, McClure and Denesik",GS-86623,Shoes,10,91.59,915.9,3/19/2014 14:06
758133,"Kihn, McClure and Denesik",GS-86623,Shoes,7,95.78,670.46,5/16/2014 23:44
296809,Carroll PLC,LL-46261,Shoes,9,90.91,818.19,10/11/2014 20:37
758133,"Kihn, McClure and Denesik",AS-93055,Shirt,12,24.09,289.08,12/8/2013 6:53
711951,Kilback-Gerlach,LL-46261,Shoes,9,10.81,97.29,12/6/2013 0:59
93356,Waters-Walker,QN-82852,Belt,3,59.61,178.83,8/2/2014 13:29
201259,Koelpin PLC,WJ-02096,Belt,16,16.3,260.8,4/5/2014 2:00
929400,"Senger, Upton and Breitenberg",LL-46261,Shoes,4,23.08,92.32,9/13/2014 11:34
524021,Hegmann and Sons,MJ-21460,Shoes,18,42.01,756.18,11/27/2013 3:18
676847,Hamill-Hackett,LL-46261,Shoes,5,74.02,370.1,11/10/2013 7:30
93356,Waters-Walker,QN-82852,Belt,11,77.66,854.26,3/15/2014 17:01
98022,Heidenreich-Bosco,LL-46261,Shoes,7,14.75,103.25,9/14/2014 23:53
659366,Waelchi-Fahey,LW-86841,Shoes,16,38.75,620,3/20/2014 5:48
929400,"Senger, Upton and Breitenberg",LL-46261,Shoes,13,53.39,694.07,2/26/2014 15:03
676847,Hamill-Hackett,KV-99194,Shirt,1,55.51,55.51,7/15/2014 17:41
305803,"Davis, Kshlerin and Reilly",KV-99194,Shirt,7,16,112,5/5/2014 21:05
850140,Kunze Inc,AS-93055,Shirt,20,63.75,1275,2/9/2014 10:28
201259,Koelpin PLC,GS-86623,Shoes,15,66.78,1001.7,4/29/2014 20:36
93356,Waters-Walker,VG-32047,Shirt,2,75.16,150.32,11/26/2013 12:30
98022,Heidenreich-Bosco,MJ-21460,Shoes,14,34.8,487.2,3/8/2014 6:35
296809,Carroll PLC,QN-82852,Belt,14,14.82,207.48,4/6/2014 19:17
676847,Hamill-Hackett,VG-32047,Shirt,4,88.99,355.96,12/16/2013 1:09
711951,Kilback-Gerlach,LW-86841,Shoes,13,71.43,928.59,4/26/2014 3:39
304860,Huel-Haag,LL-46261,Shoes,6,23.37,140.22,10/22/2013 22:50
711951,Kilback-Gerlach,LL-46261,Shoes,19,30.06,571.14,6/28/2014 1:20
555594,"Ernser, Cruickshank and Lind",QN-82852,Belt,2,74.42,148.84,12/9/2013 9:10
659366,Waelchi-Fahey,QN-82852,Belt,4,38.69,154.76,2/14/2014 2:42
201259,Koelpin PLC,AS-93055,Shirt,3,16.22,48.66,7/11/2014 8:17
296809,Carroll PLC,VG-32047,Shirt,15,63.45,951.75,10/12/2014 9:08
563905,"Kerluke, Reilly and Bechtelar",KV-99194,Shirt,19,78.34,1488.46,9/28/2014 19:20
299771,"Kuphal, Zieme and Kub",KV-99194,Shirt,9,79.63,716.67,2/16/2014 1:11
750461,"Volkman, Goyette and Lemke",LW-86841,Shoes,3,96.59,289.77,1/11/2014 5:10
524021,Hegmann and Sons,WJ-02096,Belt,20,66.27,1325.4,10/5/2014 1:36
115138,Gorczany-Hahn,AS-93055,Shirt,8,16.11,128.88,8/6/2014 1:09
850140,Kunze Inc,FK-71853,Shirt,7,76.23,533.61,11/6/2013 2:36
524021,Hegmann and Sons,LL-46261,Shoes,15,20.61,309.15,5/26/2014 3:15
995267,Cole-Eichmann,GS-86623,Shoes,6,55.05,330.3,12/27/2013 8:33
299771,"Kuphal, Zieme and Kub",LW-86841,Shoes,9,60.33,542.97,9/16/2014 13:47
929400,"Senger, Upton and Breitenberg",QN-82852,Belt,12,96.02,1152.24,4/6/2014 3:35
555594,"Ernser, Cruickshank and Lind",KV-99194,Shirt,16,94.05,1504.8,3/13/2014 22:14
734922,Berge LLC,MJ-21460,Shoes,19,88.62,1683.78,1/29/2014 6:44
850140,Kunze Inc,FK-71853,Shirt,6,38.76,232.56,9/18/2014 5:56
995267,Cole-Eichmann,QN-82852,Belt,10,12.35,123.5,7/5/2014 1:51
299771,"Kuphal, Zieme and Kub",LW-86841,Shoes,3,30.77,92.31,3/1/2014 2:12
659366,Waelchi-Fahey,FK-71853,Shirt,14,23.86,334.04,9/30/2014 12:37
659366,Waelchi-Fahey,WJ-02096,Belt,3,72.43,217.29,10/3/2014 23:46
296809,Carroll PLC,VG-32047,Shirt,10,91.46,914.6,11/24/2013 8:11
850140,Kunze Inc,QN-82852,Belt,19,75.7,1438.3,2/15/2014 14:11
563905,"Kerluke, Reilly and Bechtelar",KV-99194,Shirt,9,95.53,859.77,3/18/2014 14:35
305803,"Davis, Kshlerin and Reilly",AS-93055,Shirt,15,67.57,1013.55,8/2/2014 12:03
93356,Waters-Walker,GS-86623,Shoes,3,99.42,298.26,1/27/2014 11:30
304860,Huel-Haag,MJ-21460,Shoes,9,75.62,680.58,12/18/2013 14:27
305803,"Davis, Kshlerin and Reilly",LL-46261,Shoes,9,84.1,756.9,10/6/2014 21:13
93356,Waters-Walker,LL-46261,Shoes,11,78.54,863.94,12/28/2013 22:14
758133,"Kihn, McClure and Denesik",VG-32047,Shirt,3,67.37,202.11,9/1/2014 18:40
563905,"Kerluke, Reilly and Bechtelar",MJ-21460,Shoes,15,42.96,644.4,4/6/2014 13:20
734922,Berge LLC,LL-46261,Shoes,2,62.32,124.64,3/12/2014 11:38
711951,Kilback-Gerlach,AS-93055,Shirt,7,82.95,580.65,8/5/2014 11:34
201259,Koelpin PLC,WJ-02096,Belt,14,40.79,571.06,1/16/2014 2:43
304860,Huel-Haag,QN-82852,Belt,7,38.58,270.06,8/29/2014 23:41
676847,Hamill-Hackett,FK-71853,Shirt,1,99.97,99.97,5/10/2014 12:10
711951,Kilback-Gerlach,GS-86623,Shoes,11,96.66,1063.26,2/13/2014 11:43
563905,"Kerluke, Reilly and Bechtelar",FK-71853,Shirt,17,75.69,1286.73,11/25/2013 2:35
929400,"Senger, Upton and Breitenberg",QN-82852,Belt,18,42.02,756.36,3/19/2014 23:24
115138,Gorczany-Hahn,WJ-02096,Belt,12,80.25,963,11/6/2013 5:25
929400,"Senger, Upton and Breitenberg",QN-82852,Belt,4,70.28,281.12,1/25/2014 23:43
305803,"Davis, Kshlerin and Reilly",LW-86841,Shoes,5,49.68,248.4,9/20/2014 17:40
299771,"Kuphal, Zieme and Kub",GS-86623,Shoes,14,73.92,1034.88,11/23/2013 17:48
296809,Carroll PLC,WJ-02096,Belt,17,69.41,1179.97,9/11/2014 2:20
850140,Kunze Inc,AS-93055,Shirt,18,87.42,1573.56,5/31/2014 4:28
850140,Kunze Inc,KV-99194,Shirt,20,74.34,1486.8,1/27/2014 19:42
305803,"Davis, Kshlerin and Reilly",VG-32047,Shirt,17,59.12,1005.04,5/11/2014 6:38
850140,Kunze Inc,AS-93055,Shirt,14,77.4,1083.6,8/16/2014 21:03
734922,Berge LLC,LL-46261,Shoes,15,58.85,882.75,8/22/2014 4:35
305803,"Davis, Kshlerin and Reilly",QN-82852,Belt,1,44.77,44.77,2/25/2014 11:20
201259,Koelpin PLC,VG-32047,Shirt,15,26.93,403.95,1/24/2014 10:23
93356,Waters-Walker,MJ-21460,Shoes,12,95.96,1151.52,6/12/2014 0:58
299771,"Kuphal, Zieme and Kub",AS-93055,Shirt,8,31.12,248.96,12/3/2013 14:12
563905,"Kerluke, Reilly and Bechtelar",GS-86623,Shoes,7,83.84,586.88,10/20/2014 5:47
563905,"Kerluke, Reilly and Bechtelar",LW-86841,Shoes,4,19.86,79.44,11/30/2013 16:47
299771,"Kuphal, Zieme and Kub",FK-71853,Shirt,3,77.07,231.21,6/14/2014 17:54
734922,Berge LLC,LW-86841,Shoes,15,46.94,704.1,5/23/2014 13:09
711951,Kilback-Gerlach,FK-71853,Shirt,11,39.02,429.22,12/8/2013 14:04
734922,Berge LLC,VG-32047,Shirt,2,33.92,67.84,6/27/2014 15:53
299771,"Kuphal, Zieme and Kub",FK-71853,Shirt,11,81.22,893.42,12/1/2013 5:10
201259,Koelpin PLC,QN-82852,Belt,2,25.42,50.84,3/21/2014 17:57
563905,"Kerluke, Reilly and Bechtelar",LW-86841,Shoes,4,59.07,236.28,4/7/2014 8:54
304860,Huel-Haag,KV-99194,Shirt,15,50.2,753,12/29/2013 14:24
305803,"Davis, Kshlerin and Reilly",LW-86841,Shoes,3,24.83,74.49,5/20/2014 15:22
201259,Koelpin PLC,MJ-21460,Shoes,12,89.95,1079.4,12/28/2013 16:19
758133,"Kihn, McClure and Denesik",LW-86841,Shoes,4,67.14,268.56,1/30/2014 10:21
524021,Hegmann and Sons,FK-71853,Shirt,8,22.67,181.36,12/30/2013 14:16
758133,"Kihn, McClure and Denesik",AS-93055,Shirt,6,50.19,301.14,4/26/2014 22:58
734922,Berge LLC,KV-99194,Shirt,7,46.71,326.97,6/15/2014 15:52
659366,Waelchi-Fahey,FK-71853,Shirt,17,75.46,1282.82,11/17/2013 15:36
750461,"Volkman, Goyette and Lemke",FK-71853,Shirt,13,23.73,308.49,1/11/2014 12:21
711951,Kilback-Gerlach,QN-82852,Belt,11,71.02,781.22,1/14/2014 18:43
734922,Berge LLC,MJ-21460,Shoes,15,77.1,1156.5,12/7/2013 11:53
758133,"Kihn, McClure and Denesik",LW-86841,Shoes,3,39.99,119.97,11/13/2013 2:00
201259,Koelpin PLC,QN-82852,Belt,14,95.77,1340.78,5/4/2014 10:45
850140,Kunze Inc,GS-86623,Shoes,14,13.93,195.02,1/23/2014 17:49
555594,"Ernser, Cruickshank and Lind",MJ-21460,Shoes,15,42.09,631.35,10/17/2014 3:56
201259,Koelpin PLC,VG-32047,Shirt,5,60.51,302.55,10/22/2014 7:16
296809,Carroll PLC,GS-86623,Shoes,5,41.58,207.9,3/29/2014 8:13
734922,Berge LLC,QN-82852,Belt,12,89.48,1073.76,5/23/2014 6:43
850140,Kunze Inc,MJ-21460,Shoes,2,18.29,36.58,1/16/2014 20:23
304860,Huel-Haag,WJ-02096,Belt,1,23.12,23.12,10/17/2014 20:09
659366,Waelchi-Fahey,MJ-21460,Shoes,14,53.6,750.4,9/14/2014 11:01
750461,"Volkman, Goyette and Lemke",MJ-21460,Shoes,16,72.41,1158.56,9/19/2014 21:41
201259,Koelpin PLC,MJ-21460,Shoes,5,33.2,166,9/4/2014 23:45
563905,"Kerluke, Reilly and Bechtelar",VG-32047,Shirt,20,14.99,299.8,6/1/2014 20:29
929400,"Senger, Upton and Breitenberg",QN-82852,Belt,3,45.6,136.8,12/21/2013 4:01
750461,"Volkman, Goyette and Lemke",AS-93055,Shirt,18,80.7,1452.6,5/9/2014 23:51
734922,Berge LLC,MJ-21460,Shoes,4,15.22,60.88,11/15/2013 7:17
734922,Berge LLC,LL-46261,Shoes,13,53.11,690.43,8/29/2014 16:34
115138,Gorczany-Hahn,QN-82852,Belt,1,90.21,90.21,1/30/2014 17:16
676847,Hamill-Hackett,VG-32047,Shirt,4,76.81,307.24,9/6/2014 20:28
98022,Heidenreich-Bosco,AS-93055,Shirt,17,61.31,1042.27,3/19/2014 2:46
524021,Hegmann and Sons,FK-71853,Shirt,7,33,231,2/4/2014 19:29
995267,Cole-Eichmann,QN-82852,Belt,4,36.62,146.48,8/11/2014 23:29
758133,"Kihn, McClure and Denesik",LW-86841,Shoes,10,72.1,721,7/19/2014 16:40
524021,Hegmann and Sons,AS-93055,Shirt,18,23.74,427.32,6/18/2014 6:31
750461,"Volkman, Goyette and Lemke",LL-46261,Shoes,6,51.13,306.78,6/13/2014 21:32
93356,Waters-Walker,FK-71853,Shirt,17,58.55,995.35,5/4/2014 23:02
299771,"Kuphal, Zieme and Kub",MJ-21460,Shoes,6,54.27,325.62,5/15/2014 19:28
305803,"Davis, Kshlerin and Reilly",LL-46261,Shoes,13,77.78,1011.14,11/30/2013 17:23
201259,Koelpin PLC,QN-82852,Belt,8,69.58,556.64,4/3/2014 1:34
676847,Hamill-Hackett,LW-86841,Shoes,10,67.36,673.6,7/15/2014 4:34
299771,"Kuphal, Zieme and Kub",LL-46261,Shoes,15,16.55,248.25,1/9/2014 17:51
929400,"Senger, Upton and Breitenberg",MJ-21460,Shoes,16,99.13,1586.08,9/26/2014 10:54
995267,Cole-Eichmann,QN-82852,Belt,17,69.11,1174.87,9/23/2014 5:58
563905,"Kerluke, Reilly and Bechtelar",AS-93055,Shirt,12,81.57,978.84,9/25/2014 14:09
563905,"Kerluke, Reilly and Bechtelar",FK-71853,Shirt,20,62.12,1242.4,7/1/2014 22:14
734922,Berge LLC,VG-32047,Shirt,4,96.25,385,7/9/2014 19:18
98022,Heidenreich-Bosco,LL-46261,Shoes,18,71.34,1284.12,11/17/2013 0:18
711951,Kilback-Gerlach,QN-82852,Belt,19,33.1,628.9,3/4/2014 7:23
296809,Carroll PLC,WJ-02096,Belt,15,38.73,580.95,2/3/2014 3:57
929400,"Senger, Upton and Breitenberg",VG-32047,Shirt,17,43.1,732.7,8/19/2014 11:22
296809,Carroll PLC,WJ-02096,Belt,16,91.09,1457.44,3/18/2014 23:14
524021,Hegmann and Sons,LW-86841,Shoes,13,60.72,789.36,1/18/2014 22:40
201259,Koelpin PLC,QN-82852,Belt,3,64.13,192.39,8/7/2014 15:28
758133,"Kihn, McClure and Denesik",GS-86623,Shoes,14,40.86,572.04,8/21/2014 8:07
676847,Hamill-Hackett,LW-86841,Shoes,1,73.74,73.74,9/4/2014 10:46
305803,"Davis, Kshlerin and Reilly",VG-32047,Shirt,6,26.4,158.4,9/4/2014 9:18
850140,Kunze Inc,MJ-21460,Shoes,19,36.32,690.08,8/10/2014 20:15
676847,Hamill-Hackett,LL-46261,Shoes,17,10.96,186.32,1/19/2014 22:01
115138,Gorczany-Hahn,FK-71853,Shirt,17,88.39,1502.63,7/31/2014 12:28
98022,Heidenreich-Bosco,VG-32047,Shirt,20,94,1880,5/31/2014 22:53
555594,"Ernser, Cruickshank and Lind",LW-86841,Shoes,4,34.42,137.68,10/10/2014 18:54
299771,"Kuphal, Zieme and Kub",GS-86623,Shoes,14,68.25,955.5,3/16/2014 21:35
299771,"Kuphal, Zieme and Kub",LW-86841,Shoes,5,89.36,446.8,6/8/2014 14:33
758133,"Kihn, McClure and Denesik",KV-99194,Shirt,3,44.37,133.11,4/23/2014 12:05
850140,Kunze Inc,VG-32047,Shirt,11,69.2,761.2,3/14/2014 3:16
555594,"Ernser, Cruickshank and Lind",QN-82852,Belt,12,92.94,1115.28,10/10/2014 18:02
995267,Cole-Eichmann,VG-32047,Shirt,4,54.2,216.8,8/28/2014 6:28
676847,Hamill-Hackett,QN-82852,Belt,3,42.71,128.13,6/9/2014 12:21
929400,"Senger, Upton and Breitenberg",KV-99194,Shirt,4,81.46,325.84,10/25/2013 16:52
98022,Heidenreich-Bosco,MJ-21460,Shoes,9,22.08,198.72,1/21/2014 5:08
305803,"Davis, Kshlerin and Reilly",AS-93055,Shirt,8,98.01,784.08,4/11/2014 8:23
750461,"Volkman, Goyette and Lemke",WJ-02096,Belt,13,83.6,1086.8,8/19/2014 20:42
98022,Heidenreich-Bosco,MJ-21460,Shoes,1,82.28,82.28,10/5/2014 8:28
676847,Hamill-Hackett,AS-93055,Shirt,16,44.38,710.08,9/16/2014 5:22
93356,Waters-Walker,MJ-21460,Shoes,5,54.96,274.8,11/18/2013 19:41
299771,"Kuphal, Zieme and Kub",VG-32047,Shirt,7,97.85,684.95,3/2/2014 21:47
929400,"Senger, Upton and Breitenberg",QN-82852,Belt,11,12.27,134.97,1/15/2014 7:26
563905,"Kerluke, Reilly and Bechtelar",LL-46261,Shoes,8,83.88,671.04,7/3/2014 13:24
929400,"Senger, Upton and Breitenberg",QN-82852,Belt,2,31.18,62.36,9/21/2014 3:36
524021,Hegmann and Sons,WJ-02096,Belt,13,15.28,198.64,7/26/2014 14:07
711951,Kilback-Gerlach,QN-82852,Belt,14,40.48,566.72,7/10/2014 6:12
563905,"Kerluke, Reilly and Bechtelar",LW-86841,Shoes,5,38.73,193.65,4/26/2014 11:51
201259,Koelpin PLC,GS-86623,Shoes,5,23.38,116.9,7/26/2014 9:33
711951,Kilback-Gerlach,LL-46261,Shoes,1,54.04,54.04,6/9/2014 20:05
734922,Berge LLC,WJ-02096,Belt,17,25.26,429.42,6/16/2014 10:03
850140,Kunze Inc,GS-86623,Shoes,3,46,138,10/25/2013 11:42
676847,Hamill-Hackett,GS-86623,Shoes,8,34.76,278.08,11/19/2013 2:20
734922,Berge LLC,VG-32047,Shirt,1,93.1,93.1,12/25/2013 10:00
555594,"Ernser, Cruickshank and Lind",KV-99194,Shirt,10,23.43,234.3,8/20/2014 16:25
305803,"Davis, Kshlerin and Reilly",WJ-02096,Belt,7,41.77,292.39,10/21/2014 5:51
676847,Hamill-Hackett,QN-82852,Belt,11,53.13,584.43,9/24/2014 2:05
711951,Kilback-Gerlach,LW-86841,Shoes,9,90.02,810.18,8/22/2014 13:18
676847,Hamill-Hackett,KV-99194,Shirt,14,37.64,526.96,2/15/2014 6:51
299771,"Kuphal, Zieme and Kub",KV-99194,Shirt,18,50.99,917.82,2/20/2014 5:55
296809,Carroll PLC,VG-32047,Shirt,9,67.68,609.12,5/22/2014 5:51
299771,"Kuphal, Zieme and Kub",AS-93055,Shirt,18,19.01,342.18,11/14/2013 11:33
659366,Waelchi-Fahey,MJ-21460,Shoes,15,19.62,294.3,11/24/2013 23:33
659366,Waelchi-Fahey,WJ-02096,Belt,14,75.49,1056.86,2/18/2014 2:07
305803,"Davis, Kshlerin and Reilly",WJ-02096,Belt,1,69.57,69.57,12/21/2013 16:04
115138,Gorczany-Hahn,WJ-02096,Belt,6,95.08,570.48,2/1/2014 1:28
305803,"Davis, Kshlerin and Reilly",GS-86623,Shoes,17,20.45,347.65,8/30/2014 3:56
305803,"Davis, Kshlerin and Reilly",QN-82852,Belt,4,85.3,341.2,10/17/2014 13:18
304860,Huel-Haag,VG-32047,Shirt,16,63.97,1023.52,2/6/2014 19:14
299771,"Kuphal, Zieme and Kub",GS-86623,Shoes,1,93.72,93.72,9/30/2014 9:16
758133,"Kihn, McClure and Denesik",AS-93055,Shirt,12,64.09,769.08,4/22/2014 14:36
93356,Waters-Walker,LW-86841,Shoes,16,16.59,265.44,9/7/2014 2:26
115138,Gorczany-Hahn,WJ-02096,Belt,3,52.57,157.71,8/15/2014 13:23
929400,"Senger, Upton and Breitenberg",VG-32047,Shirt,1,34.4,34.4,5/19/2014 20:50
93356,Waters-Walker,VG-32047,Shirt,13,45.97,597.61,7/5/2014 8:56
296809,Carroll PLC,LL-46261,Shoes,10,37.4,374,5/5/2014 5:17
750461,"Volkman, Goyette and Lemke",LW-86841,Shoes,14,15.58,218.12,12/23/2013 21:32
995267,Cole-Eichmann,AS-93055,Shirt,11,45.24,497.64,8/6/2014 1:25
734922,Berge LLC,GS-86623,Shoes,9,30.49,274.41,3/2/2014 13:04
758133,"Kihn, McClure and Denesik",KV-99194,Shirt,18,90.84,1635.12,2/1/2014 21:38
659366,Waelchi-Fahey,GS-86623,Shoes,1,38.2,38.2,11/23/2013 15:45
850140,Kunze Inc,QN-82852,Belt,8,72.29,578.32,2/15/2014 21:05
850140,Kunze Inc,MJ-21460,Shoes,20,61.03,1220.6,12/23/2013 23:07
299771,"Kuphal, Zieme and Kub",KV-99194,Shirt,18,77.66,1397.88,10/18/2014 18:07
929400,"Senger, Upton and Breitenberg",VG-32047,Shirt,10,16.01,160.1,5/7/2014 20:02
676847,Hamill-Hackett,LW-86841,Shoes,9,61.42,552.78,10/16/2014 12:50
304860,Huel-Haag,VG-32047,Shirt,17,64.75,1100.75,9/13/2014 2:51
296809,Carroll PLC,KV-99194,Shirt,16,50.36,805.76,1/3/2014 7:56
305803,"Davis, Kshlerin and Reilly",VG-32047,Shirt,4,64.91,259.64,2/20/2014 20:48
758133,"Kihn, McClure and Denesik",KV-99194,Shirt,16,65,1040,5/14/2014 17:57
305803,"Davis, Kshlerin and Reilly",GS-86623,Shoes,6,57.28,343.68,4/9/2014 15:32
676847,Hamill-Hackett,VG-32047,Shirt,3,71.55,214.65,2/16/2014 4:42
995267,Cole-Eichmann,VG-32047,Shirt,4,37.74,150.96,3/21/2014 8:21
201259,Koelpin PLC,QN-82852,Belt,12,41.57,498.84,5/22/2014 8:56
659366,Waelchi-Fahey,QN-82852,Belt,13,59.59,774.67,12/4/2013 4:11
524021,Hegmann and Sons,FK-71853,Shirt,20,62.71,1254.2,3/6/2014 22:55
115138,Gorczany-Hahn,GS-86623,Shoes,16,37.88,606.08,12/5/2013 7:33
750461,"Volkman, Goyette and Lemke",LW-86841,Shoes,20,83.1,1662,9/14/2014 18:26
555594,"Ernser, Cruickshank and Lind",WJ-02096,Belt,10,11.81,118.1,3/13/2014 0:31
929400,"Senger, Upton and Breitenberg",MJ-21460,Shoes,20,59.1,1182,10/2/2014 5:30
563905,"Kerluke, Reilly and Bechtelar",QN-82852,Belt,8,60.7,485.6,4/1/2014 13:03
659366,Waelchi-Fahey,WJ-02096,Belt,1,42.83,42.83,11/5/2013 5:06
734922,Berge LLC,QN-82852,Belt,17,76.13,1294.21,11/25/2013 14:33
201259,Koelpin PLC,FK-71853,Shirt,4,41.09,164.36,8/24/2014 20:22
659366,Waelchi-Fahey,GS-86623,Shoes,12,32.84,394.08,9/13/2014 15:23
296809,Carroll PLC,VG-32047,Shirt,5,10.81,54.05,8/28/2014 0:56
115138,Gorczany-Hahn,LL-46261,Shoes,1,26.19,26.19,1/10/2014 5:09
115138,Gorczany-Hahn,LL-46261,Shoes,12,48.63,583.56,9/17/2014 6:25
305803,"Davis, Kshlerin and Reilly",LL-46261,Shoes,5,51.82,259.1,1/8/2014 2:36
750461,"Volkman, Goyette and Lemke",LW-86841,Shoes,7,53.36,373.52,6/2/2014 19:58
711951,Kilback-Gerlach,KV-99194,Shirt,5,56.33,281.65,9/6/2014 1:57
304860,Huel-Haag,AS-93055,Shirt,11,79.58,875.38,11/21/2013 4:46
734922,Berge LLC,FK-71853,Shirt,7,58.95,412.65,3/14/2014 4:16
850140,Kunze Inc,MJ-21460,Shoes,9,78.44,705.96,12/18/2013 17:23
995267,Cole-Eichmann,WJ-02096,Belt,15,54.77,821.55,11/14/2013 11:15
98022,Heidenreich-Bosco,GS-86623,Shoes,15,73.45,1101.75,1/3/2014 12:09
929400,"Senger, Upton and Breitenberg",LL-46261,Shoes,14,21.01,294.14,1/1/2014 0:15
524021,Hegmann and Sons,FK-71853,Shirt,15,45.99,689.85,1/21/2014 14:40
524021,Hegmann and Sons,LW-86841,Shoes,11,89.8,987.8,3/14/2014 6:17
734922,Berge LLC,FK-71853,Shirt,4,63.74,254.96,8/31/2014 19:57
296809,Carroll PLC,KV-99194,Shirt,9,36.35,327.15,1/17/2014 22:03
299771,"Kuphal, Zieme and Kub",MJ-21460,Shoes,13,55.99,727.87,12/27/2013 8:36
296809,Carroll PLC,FK-71853,Shirt,4,12.28,49.12,4/3/2014 6:43
659366,Waelchi-Fahey,WJ-02096,Belt,10,64.42,644.2,9/5/2014 3:46
563905,"Kerluke, Reilly and Bechtelar",LL-46261,Shoes,5,29.87,149.35,8/2/2014 0:25
305803,"Davis, Kshlerin and Reilly",GS-86623,Shoes,13,66.85,869.05,11/19/2013 7:26
299771,"Kuphal, Zieme and Kub",LL-46261,Shoes,5,13.07,65.35,8/30/2014 4:09
563905,"Kerluke, Reilly and Bechtelar",QN-82852,Belt,5,56.63,283.15,10/13/2014 2:27
750461,"Volkman, Goyette and Lemke",FK-71853,Shirt,19,89.14,1693.66,11/14/2013 18:25
524021,Hegmann and Sons,LW-86841,Shoes,5,67.31,336.55,12/16/2013 9:59
555594,"Ernser, Cruickshank and Lind",KV-99194,Shirt,17,11.24,191.08,4/25/2014 15:37
524021,Hegmann and Sons,AS-93055,Shirt,10,73.82,738.2,10/22/2014 4:43
850140,Kunze Inc,QN-82852,Belt,15,11.74,176.1,1/9/2014 4:36
524021,Hegmann and Sons,LL-46261,Shoes,5,83.98,419.9,5/24/2014 20:18
555594,"Ernser, Cruickshank and Lind",KV-99194,Shirt,6,63.4,380.4,12/9/2013 19:01
758133,"Kihn, McClure and Denesik",VG-32047,Shirt,15,80.59,1208.85,10/5/2014 18:13
758133,"Kihn, McClure and Denesik",AS-93055,Shirt,19,31.41,596.79,5/9/2014 11:00
296809,Carroll PLC,WJ-02096,Belt,9,61.39,552.51,7/15/2014 13:04
750461,"Volkman, Goyette and Lemke",LL-46261,Shoes,15,96,1440,10/21/2014 15:04
929400,"Senger, Upton and Breitenberg",WJ-02096,Belt,12,94.51,1134.12,7/26/2014 7:44
305803,"Davis, Kshlerin and Reilly",KV-99194,Shirt,15,18.07,271.05,5/24/2014 5:33
659366,Waelchi-Fahey,MJ-21460,Shoes,13,74.07,962.91,1/13/2014 12:18
995267,Cole-Eichmann,FK-71853,Shirt,16,88.32,1413.12,6/17/2014 22:27
929400,"Senger, Upton and Breitenberg",WJ-02096,Belt,4,77.19,308.76,4/3/2014 19:08
98022,Heidenreich-Bosco,GS-86623,Shoes,18,58.56,1054.08,8/25/2014 17:52
305803,"Davis, Kshlerin and Reilly",MJ-21460,Shoes,12,81.42,977.04,7/9/2014 13:58
850140,Kunze Inc,AS-93055,Shirt,3,68.9,206.7,9/13/2014 1:40
995267,Cole-Eichmann,QN-82852,Belt,19,39.75,755.25,5/23/2014 15:58
93356,Waters-Walker,KV-99194,Shirt,11,83.22,915.42,1/3/2014 19:04
750461,"Volkman, Goyette and Lemke",QN-82852,Belt,19,17.25,327.75,2/8/2014 14:06
659366,Waelchi-Fahey,QN-82852,Belt,7,41.7,291.9,1/14/2014 22:56
524021,Hegmann and Sons,MJ-21460,Shoes,20,44.56,891.2,2/11/2014 11:05
201259,Koelpin PLC,WJ-02096,Belt,4,15.24,60.96,9/12/2014 6:29
115138,Gorczany-Hahn,KV-99194,Shirt,1,66.03,66.03,3/6/2014 19:04
995267,Cole-Eichmann,LL-46261,Shoes,8,95.99,767.92,2/28/2014 6:46
711951,Kilback-Gerlach,WJ-02096,Belt,18,18.29,329.22,5/28/2014 10:39
929400,"Senger, Upton and Breitenberg",WJ-02096,Belt,1,50.58,50.58,1/10/2014 1:35
995267,Cole-Eichmann,WJ-02096,Belt,6,47.21,283.26,1/27/2014 15:50
750461,"Volkman, Goyette and Lemke",VG-32047,Shirt,3,82.06,246.18,3/14/2014 17:54
563905,"Kerluke, Reilly and Bechtelar",LW-86841,Shoes,18,36.32,653.76,3/25/2014 15:08
850140,Kunze Inc,QN-82852,Belt,10,45.33,453.3,10/23/2013 0:45
296809,Carroll PLC,VG-32047,Shirt,18,30.34,546.12,6/21/2014 11:50
995267,Cole-Eichmann,WJ-02096,Belt,14,23.57,329.98,4/11/2014 23:10
929400,"Senger, Upton and Breitenberg",GS-86623,Shoes,14,16.78,234.92,4/15/2014 0:55
929400,"Senger, Upton and Breitenberg",VG-32047,Shirt,4,92.05,368.2,11/20/2013 17:39
563905,"Kerluke, Reilly and Bechtelar",MJ-21460,Shoes,6,25.35,152.1,2/21/2014 0:43
850140,Kunze Inc,VG-32047,Shirt,13,28.29,367.77,5/14/2014 11:34
750461,"Volkman, Goyette and Lemke",LL-46261,Shoes,6,70.64,423.84,4/13/2014 10:46
304860,Huel-Haag,KV-99194,Shirt,7,32.91,230.37,3/21/2014 2:07
201259,Koelpin PLC,WJ-02096,Belt,10,31.82,318.2,5/10/2014 12:48
676847,Hamill-Hackett,FK-71853,Shirt,12,74.47,893.64,3/22/2014 0:45
676847,Hamill-Hackett,LW-86841,Shoes,6,72.92,437.52,4/30/2014 13:50
995267,Cole-Eichmann,AS-93055,Shirt,14,70.03,980.42,12/31/2013 9:37
93356,Waters-Walker,KV-99194,Shirt,19,47.53,903.07,3/10/2014 16:34
929400,"Senger, Upton and Breitenberg",AS-93055,Shirt,5,82.05,410.25,12/3/2013 12:28
711951,Kilback-Gerlach,LW-86841,Shoes,16,99.65,1594.4,10/6/2014 23:33
734922,Berge LLC,FK-71853,Shirt,17,49.12,835.04,2/24/2014 20:49
676847,Hamill-Hackett,LL-46261,Shoes,6,52.06,312.36,2/4/2014 19:46
305803,"Davis, Kshlerin and Reilly",KV-99194,Shirt,13,71.7,932.1,7/8/2014 1:00
305803,"Davis, Kshlerin and Reilly",MJ-21460,Shoes,3,37.34,112.02,11/12/2013 1:13
304860,Huel-Haag,WJ-02096,Belt,20,58.52,1170.4,11/21/2013 18:37
299771,"Kuphal, Zieme and Kub",LL-46261,Shoes,16,18.08,289.28,12/12/2013 0:31
98022,Heidenreich-Bosco,GS-86623,Shoes,6,81.7,490.2,10/4/2014 16:06
929400,"Senger, Upton and Breitenberg",FK-71853,Shirt,13,89.53,1163.89,8/11/2014 16:47
299771,"Kuphal, Zieme and Kub",AS-93055,Shirt,7,24.63,172.41,1/28/2014 18:58
305803,"Davis, Kshlerin and Reilly",GS-86623,Shoes,10,73.08,730.8,10/29/2013 17:00
929400,"Senger, Upton and Breitenberg",WJ-02096,Belt,12,52.24,626.88,2/22/2014 0:09
524021,Hegmann and Sons,QN-82852,Belt,4,84.72,338.88,10/22/2013 13:54
299771,"Kuphal, Zieme and Kub",VG-32047,Shirt,13,37.56,488.28,11/10/2013 6:24
929400,"Senger, Upton and Breitenberg",AS-93055,Shirt,18,22.98,413.64,6/2/2014 14:24
995267,Cole-Eichmann,MJ-21460,Shoes,2,79.87,159.74,8/15/2014 4:36
93356,Waters-Walker,KV-99194,Shirt,7,59.5,416.5,4/29/2014 12:04
659366,Waelchi-Fahey,WJ-02096,Belt,14,67.01,938.14,12/13/2013 15:04
201259,Koelpin PLC,MJ-21460,Shoes,5,61.76,308.8,10/30/2013 4:16
750461,"Volkman, Goyette and Lemke",MJ-21460,Shoes,7,33.16,232.12,8/25/2014 5:45
299771,"Kuphal, Zieme and Kub",GS-86623,Shoes,1,77.22,77.22,1/21/2014 12:40
296809,Carroll PLC,WJ-02096,Belt,8,55.69,445.52,1/2/2014 21:35
304860,Huel-Haag,AS-93055,Shirt,13,72.75,945.75,11/2/2013 6:09
304860,Huel-Haag,GS-86623,Shoes,20,71.91,1438.2,2/14/2014 2:11
758133,"Kihn, McClure and Denesik",KV-99194,Shirt,2,58.02,116.04,5/28/2014 0:51
296809,Carroll PLC,AS-93055,Shirt,19,78.72,1495.68,8/1/2014 13:54
850140,Kunze Inc,FK-71853,Shirt,8,44.56,356.48,10/1/2014 13:21
711951,Kilback-Gerlach,LW-86841,Shoes,19,92.34,1754.46,5/13/2014 3:41
758133,"Kihn, McClure and Denesik",GS-86623,Shoes,12,19.81,237.72,10/12/2014 12:33
563905,"Kerluke, Reilly and Bechtelar",QN-82852,Belt,2,29.15,58.3,12/29/2013 6:05
758133,"Kihn, McClure and Denesik",VG-32047,Shirt,8,71.71,573.68,6/15/2014 23:49
93356,Waters-Walker,GS-86623,Shoes,13,52.61,683.93,1/31/2014 10:14
711951,Kilback-Gerlach,MJ-21460,Shoes,4,90.75,363,10/27/2013 22:03
659366,Waelchi-Fahey,MJ-21460,Shoes,3,50.33,150.99,2/25/2014 5:11
98022,Heidenreich-Bosco,VG-32047,Shirt,6,96.02,576.12,12/25/2013 18:02
201259,Koelpin PLC,KV-99194,Shirt,14,66.37,929.18,11/5/2013 13:34
676847,Hamill-Hackett,LL-46261,Shoes,3,59.85,179.55,10/26/2013 4:33
524021,Hegmann and Sons,FK-71853,Shirt,2,66.63,133.26,12/7/2013 4:15
734922,Berge LLC,AS-93055,Shirt,8,94.37,754.96,12/31/2013 1:14
734922,Berge LLC,MJ-21460,Shoes,2,37.1,74.2,10/4/2014 18:30
659366,Waelchi-Fahey,QN-82852,Belt,1,78.95,78.95,9/1/2014 4:34
659366,Waelchi-Fahey,FK-71853,Shirt,7,76.57,535.99,9/1/2014 21:04
201259,Koelpin PLC,AS-93055,Shirt,10,43.97,439.7,10/3/2014 17:04
676847,Hamill-Hackett,VG-32047,Shirt,6,59,354,8/26/2014 2:03
850140,Kunze Inc,GS-86623,Shoes,4,17.63,70.52,11/6/2013 15:35
555594,"Ernser, Cruickshank and Lind",AS-93055,Shirt,12,40.03,480.36,9/18/2014 2:54
115138,Gorczany-Hahn,VG-32047,Shirt,1,61.73,61.73,12/19/2013 5:37
563905,"Kerluke, Reilly and Bechtelar",VG-32047,Shirt,9,38.76,348.84,11/18/2013 18:59
750461,"Volkman, Goyette and Lemke",AS-93055,Shirt,15,35.73,535.95,7/29/2014 13:03
299771,"Kuphal, Zieme and Kub",KV-99194,Shirt,7,80.19,561.33,5/22/2014 7:55
929400,"Senger, Upton and Breitenberg",LL-46261,Shoes,14,12.35,172.9,2/28/2014 10:45
98022,Heidenreich-Bosco,QN-82852,Belt,20,38.39,767.8,11/18/2013 22:22
734922,Berge LLC,QN-82852,Belt,11,60.05,660.55,9/28/2014 12:19
758133,"Kihn, McClure and Denesik",LW-86841,Shoes,15,17.57,263.55,3/9/2014 21:17
659366,Waelchi-Fahey,GS-86623,Shoes,9,43.69,393.21,3/12/2014 2:19
676847,Hamill-Hackett,GS-86623,Shoes,18,69.13,1244.34,2/11/2014 23:45
304860,Huel-Haag,QN-82852,Belt,3,94.18,282.54,9/9/2014 20:05
524021,Hegmann and Sons,VG-32047,Shirt,17,80.42,1367.14,5/13/2014 3:46
850140,Kunze Inc,AS-93055,Shirt,13,31.53,409.89,6/12/2014 12:09
750461,"Volkman, Goyette and Lemke",FK-71853,Shirt,6,18.33,109.98,1/16/2014 1:38
850140,Kunze Inc,KV-99194,Shirt,1,73.79,73.79,11/7/2013 19:52
296809,Carroll PLC,LW-86841,Shoes,3,10.67,32.01,5/30/2014 21:32
93356,Waters-Walker,GS-86623,Shoes,19,53.33,1013.27,5/31/2014 8:48
296809,Carroll PLC,AS-93055,Shirt,18,55.23,994.14,12/2/2013 17:42
296809,Carroll PLC,WJ-02096,Belt,7,77.91,545.37,10/17/2014 14:13
995267,Cole-Eichmann,VG-32047,Shirt,20,28.81,576.2,3/19/2014 16:59
299771,"Kuphal, Zieme and Kub",VG-32047,Shirt,16,31.86,509.76,9/4/2014 5:27
296809,Carroll PLC,GS-86623,Shoes,8,28.32,226.56,10/1/2014 4:15
659366,Waelchi-Fahey,GS-86623,Shoes,2,88.57,177.14,6/16/2014 2:35
524021,Hegmann and Sons,VG-32047,Shirt,11,52.58,578.38,1/22/2014 8:06
201259,Koelpin PLC,WJ-02096,Belt,14,20.87,292.18,2/9/2014 5:27
758133,"Kihn, McClure and Denesik",AS-93055,Shirt,7,54.95,384.65,12/31/2013 4:32
734922,Berge LLC,AS-93055,Shirt,11,36.86,405.46,1/1/2014 8:13
995267,Cole-Eichmann,KV-99194,Shirt,5,52.07,260.35,9/17/2014 6:06
750461,"Volkman, Goyette and Lemke",AS-93055,Shirt,19,71.71,1362.49,12/29/2013 4:27
750461,"Volkman, Goyette and Lemke",KV-99194,Shirt,3,71.09,213.27,11/16/2013 2:18
555594,"Ernser, Cruickshank and Lind",KV-99194,Shirt,7,60.04,420.28,12/14/2013 15:26
711951,Kilback-Gerlach,KV-99194,Shirt,5,55.82,279.1,5/24/2014 5:01
734922,Berge LLC,KV-99194,Shirt,16,24.13,386.08,12/20/2013 1:56
93356,Waters-Walker,WJ-02096,Belt,20,62.39,1247.8,4/19/2014 16:00
201259,Koelpin PLC,FK-71853,Shirt,2,83.01,166.02,1/5/2014 22:32
555594,"Ernser, Cruickshank and Lind",GS-86623,Shoes,2,58.61,117.22,4/25/2014 18:15
524021,Hegmann and Sons,LW-86841,Shoes,15,98.54,1478.1,9/4/2014 6:01
659366,Waelchi-Fahey,WJ-02096,Belt,15,20.03,300.45,9/6/2014 9:47
93356,Waters-Walker,VG-32047,Shirt,17,71.32,1212.44,9/16/2014 10:45
711951,Kilback-Gerlach,VG-32047,Shirt,10,55.04,550.4,8/19/2014 17:39
93356,Waters-Walker,QN-82852,Belt,19,95.37,1812.03,5/20/2014 9:39
750461,"Volkman, Goyette and Lemke",LW-86841,Shoes,16,19.83,317.28,9/3/2014 12:10
995267,Cole-Eichmann,WJ-02096,Belt,5,50.88,254.4,2/15/2014 3:16
929400,"Senger, Upton and Breitenberg",MJ-21460,Shoes,17,36.81,625.77,12/5/2013 23:10
524021,Hegmann and Sons,VG-32047,Shirt,4,42.78,171.12,3/7/2014 4:28
995267,Cole-Eichmann,VG-32047,Shirt,6,87.35,524.1,12/12/2013 21:41
299771,"Kuphal, Zieme and Kub",QN-82852,Belt,10,59.42,594.2,6/11/2014 12:10
750461,"Volkman, Goyette and Lemke",LL-46261,Shoes,3,30.8,92.4,1/29/2014 11:47
734922,Berge LLC,MJ-21460,Shoes,14,74.75,1046.5,2/6/2014 23:35
201259,Koelpin PLC,LW-86841,Shoes,12,73.7,884.4,3/12/2014 1:27
563905,"Kerluke, Reilly and Bechtelar",LW-86841,Shoes,10,36.3,363,4/14/2014 22:51
93356,Waters-Walker,GS-86623,Shoes,10,75.72,757.2,1/31/2014 9:09
758133,"Kihn, McClure and Denesik",AS-93055,Shirt,14,73.07,1022.98,11/29/2013 18:17
201259,Koelpin PLC,VG-32047,Shirt,19,76.09,1445.71,8/4/2014 4:24
93356,Waters-Walker,VG-32047,Shirt,13,45.42,590.46,12/29/2013 21:47
201259,Koelpin PLC,WJ-02096,Belt,10,65.97,659.7,3/19/2014 4:16
201259,Koelpin PLC,WJ-02096,Belt,2,20.06,40.12,5/31/2014 2:07
296809,Carroll PLC,GS-86623,Shoes,3,62.25,186.75,3/26/2014 0:33
659366,Waelchi-Fahey,KV-99194,Shirt,6,86.2,517.2,11/14/2013 19:38
758133,"Kihn, McClure and Denesik",GS-86623,Shoes,14,23.97,335.58,12/1/2013 12:17
115138,Gorczany-Hahn,QN-82852,Belt,10,10.06,100.6,3/8/2014 10:50
299771,"Kuphal, Zieme and Kub",GS-86623,Shoes,7,34.71,242.97,4/29/2014 4:10
929400,"Senger, Upton and Breitenberg",AS-93055,Shirt,14,31.36,439.04,1/12/2014 16:01
555594,"Ernser, Cruickshank and Lind",LW-86841,Shoes,1,96.74,96.74,4/30/2014 16:25
524021,Hegmann and Sons,QN-82852,Belt,1,93.93,93.93,3/18/2014 14:44
676847,Hamill-Hackett,AS-93055,Shirt,9,58.32,524.88,12/16/2013 15:10
296809,Carroll PLC,LL-46261,Shoes,8,58.48,467.84,5/31/2014 0:30
758133,"Kihn, McClure and Denesik",WJ-02096,Belt,6,68.7,412.2,12/7/2013 8:40
758133,"Kihn, McClure and Denesik",LW-86841,Shoes,4,65.73,262.92,6/4/2014 13:29
555594,"Ernser, Cruickshank and Lind",VG-32047,Shirt,8,60.4,483.2,12/26/2013 4:26
93356,Waters-Walker,KV-99194,Shirt,20,49.97,999.4,4/28/2014 20:35
711951,Kilback-Gerlach,KV-99194,Shirt,19,38.38,729.22,5/25/2014 9:18
734922,Berge LLC,LW-86841,Shoes,11,72.2,794.2,11/13/2013 21:15
659366,Waelchi-Fahey,KV-99194,Shirt,13,32.24,419.12,12/22/2013 5:25
750461,"Volkman, Goyette and Lemke",LL-46261,Shoes,8,95.39,763.12,1/12/2014 0:59
659366,Waelchi-Fahey,WJ-02096,Belt,5,73.03,365.15,1/23/2014 12:48
296809,Carroll PLC,VG-32047,Shirt,11,33.31,366.41,7/29/2014 15:09
929400,"Senger, Upton and Breitenberg",QN-82852,Belt,3,65.52,196.56,4/2/2014 22:23
304860,Huel-Haag,GS-86623,Shoes,5,45.24,226.2,12/12/2013 3:58
304860,Huel-Haag,FK-71853,Shirt,20,81.79,1635.8,9/23/2014 4:52
524021,Hegmann and Sons,AS-93055,Shirt,7,91.68,641.76,11/10/2013 14:15
299771,"Kuphal, Zieme and Kub",GS-86623,Shoes,16,68.37,1093.92,1/25/2014 17:14
296809,Carroll PLC,GS-86623,Shoes,20,66.43,1328.6,12/30/2013 9:47
929400,"Senger, Upton and Breitenberg",FK-71853,Shirt,3,97.08,291.24,1/28/2014 10:18
659366,Waelchi-Fahey,LW-86841,Shoes,11,99.58,1095.38,8/16/2014 12:51
850140,Kunze Inc,FK-71853,Shirt,6,63.84,383.04,1/6/2014 17:32
758133,"Kihn, McClure and Denesik",FK-71853,Shirt,11,75.07,825.77,6/23/2014 22:07
734922,Berge LLC,FK-71853,Shirt,6,17.54,105.24,8/19/2014 4:51
115138,Gorczany-Hahn,KV-99194,Shirt,19,71.61,1360.59,6/11/2014 12:52
995267,Cole-Eichmann,QN-82852,Belt,17,92.49,1572.33,12/30/2013 8:52
995267,Cole-Eichmann,LW-86841,Shoes,1,40.04,40.04,5/4/2014 8:13
758133,"Kihn, McClure and Denesik",KV-99194,Shirt,6,92.02,552.12,6/20/2014 23:33
93356,Waters-Walker,KV-99194,Shirt,12,66.41,796.92,4/2/2014 0:13
995267,Cole-Eichmann,GS-86623,Shoes,13,53.32,693.16,11/9/2013 1:35
299771,"Kuphal, Zieme and Kub",LL-46261,Shoes,7,48.69,340.83,7/29/2014 18:34
734922,Berge LLC,WJ-02096,Belt,18,75.81,1364.58,12/8/2013 8:54
995267,Cole-Eichmann,MJ-21460,Shoes,4,89.88,359.52,6/28/2014 9:15
524021,Hegmann and Sons,LW-86841,Shoes,10,73.73,737.3,10/8/2014 20:26
296809,Carroll PLC,AS-93055,Shirt,19,67.1,1274.9,6/20/2014 16:14
659366,Waelchi-Fahey,WJ-02096,Belt,17,62.47,1061.99,6/16/2014 14:44
758133,"Kihn, McClure and Denesik",QN-82852,Belt,12,29.83,357.96,1/27/2014 7:20
758133,"Kihn, McClure and Denesik",QN-82852,Belt,18,24.57,442.26,4/3/2014 13:47
299771,"Kuphal, Zieme and Kub",KV-99194,Shirt,1,27.41,27.41,8/10/2014 21:23
98022,Heidenreich-Bosco,GS-86623,Shoes,9,92.9,836.1,5/16/2014 7:08
93356,Waters-Walker,AS-93055,Shirt,9,95.16,856.44,12/3/2013 7:38
929400,"Senger, Upton and Breitenberg",FK-71853,Shirt,7,77.52,542.64,8/26/2014 18:28
711951,Kilback-Gerlach,MJ-21460,Shoes,14,40.64,568.96,10/21/2014 15:55
995267,Cole-Eichmann,GS-86623,Shoes,5,54.09,270.45,10/19/2014 21:08
115138,Gorczany-Hahn,FK-71853,Shirt,17,62.6,1064.2,12/15/2013 18:40
758133,"Kihn, McClure and Denesik",WJ-02096,Belt,18,93.91,1690.38,8/11/2014 18:42
711951,Kilback-Gerlach,LW-86841,Shoes,11,29.2,321.2,12/26/2013 4:44
304860,Huel-Haag,AS-93055,Shirt,9,23.99,215.91,8/4/2014 9:20
929400,"Senger, Upton and Breitenberg",LW-86841,Shoes,16,92.41,1478.56,5/25/2014 15:09
555594,"Ernser, Cruickshank and Lind",LW-86841,Shoes,2,17.89,35.78,8/30/2014 15:52
676847,Hamill-Hackett,LL-46261,Shoes,19,47.71,906.49,12/16/2013 0:12
850140,Kunze Inc,WJ-02096,Belt,9,76.78,691.02,12/29/2013 1:08
750461,"Volkman, Goyette and Lemke",GS-86623,Shoes,18,76.54,1377.72,1/21/2014 2:04
304860,Huel-Haag,AS-93055,Shirt,5,63.59,317.95,2/8/2014 20:17
995267,Cole-Eichmann,LL-46261,Shoes,20,53.25,1065,12/10/2013 12:10
201259,Koelpin PLC,LL-46261,Shoes,7,91.2,638.4,2/28/2014 18:14
296809,Carroll PLC,LW-86841,Shoes,8,95.17,761.36,7/18/2014 9:26
524021,Hegmann and Sons,WJ-02096,Belt,11,54.79,602.69,5/20/2014 14:10
201259,Koelpin PLC,LL-46261,Shoes,3,62.68,188.04,1/14/2014 23:34
676847,Hamill-Hackett,GS-86623,Shoes,10,72.15,721.5,4/7/2014 9:45
305803,"Davis, Kshlerin and Reilly",VG-32047,Shirt,1,78.93,78.93,2/24/2014 0:46
563905,"Kerluke, Reilly and Bechtelar",LL-46261,Shoes,20,37.75,755,12/24/2013 8:34
563905,"Kerluke, Reilly and Bechtelar",LL-46261,Shoes,6,41.95,251.7,12/9/2013 23:19
676847,Hamill-Hackett,LW-86841,Shoes,11,91.04,1001.44,5/30/2014 4:37
201259,Koelpin PLC,MJ-21460,Shoes,18,29.75,535.5,10/10/2014 12:44
929400,"Senger, Upton and Breitenberg",LW-86841,Shoes,4,46.09,184.36,7/23/2014 9:02
929400,"Senger, Upton and Breitenberg",KV-99194,Shirt,17,94.19,1601.23,1/17/2014 12:05
524021,Hegmann and Sons,AS-93055,Shirt,9,76.23,686.07,3/22/2014 11:25
296809,Carroll PLC,LL-46261,Shoes,12,39.49,473.88,5/22/2014 17:50
734922,Berge LLC,KV-99194,Shirt,6,88.31,529.86,12/23/2013 16:08
734922,Berge LLC,VG-32047,Shirt,11,58.29,641.19,4/23/2014 9:49
850140,Kunze Inc,KV-99194,Shirt,17,80.5,1368.5,8/21/2014 15:51
659366,Waelchi-Fahey,VG-32047,Shirt,4,40.8,163.2,4/26/2014 23:38
524021,Hegmann and Sons,AS-93055,Shirt,7,73.69,515.83,9/11/2014 2:00
750461,"Volkman, Goyette and Lemke",FK-71853,Shirt,3,63.58,190.74,4/20/2014 20:45
563905,"Kerluke, Reilly and Bechtelar",FK-71853,Shirt,1,65.61,65.61,10/30/2013 9:34
758133,"Kihn, McClure and Denesik",GS-86623,Shoes,13,72.07,936.91,2/22/2014 13:36
524021,Hegmann and Sons,MJ-21460,Shoes,14,36.6,512.4,7/1/2014 22:27
555594,"Ernser, Cruickshank and Lind",VG-32047,Shirt,14,38.93,545.02,12/23/2013 14:57
734922,Berge LLC,FK-71853,Shirt,7,51.72,362.04,12/7/2013 9:43
304860,Huel-Haag,FK-71853,Shirt,14,51.11,715.54,12/18/2013 6:44
555594,"Ernser, Cruickshank and Lind",LW-86841,Shoes,4,93.9,375.6,11/16/2013 8:42
995267,Cole-Eichmann,LW-86841,Shoes,15,17.68,265.2,11/4/2013 20:12
850140,Kunze Inc,FK-71853,Shirt,11,85.24,937.64,7/15/2014 19:12
995267,Cole-Eichmann,QN-82852,Belt,2,53.38,106.76,9/12/2014 9:29
750461,"Volkman, Goyette and Lemke",FK-71853,Shirt,12,39.64,475.68,10/15/2014 1:53
563905,"Kerluke, Reilly and Bechtelar",LW-86841,Shoes,6,83.6,501.6,11/27/2013 21:04
304860,Huel-Haag,FK-71853,Shirt,8,74.64,597.12,3/6/2014 3:36
299771,"Kuphal, Zieme and Kub",AS-93055,Shirt,18,13.67,246.06,5/11/2014 20:21
850140,Kunze Inc,LL-46261,Shoes,11,72.69,799.59,10/23/2013 15:54
750461,"Volkman, Goyette and Lemke",WJ-02096,Belt,7,23.04,161.28,9/1/2014 1:15
676847,Hamill-Hackett,AS-93055,Shirt,3,50.86,152.58,10/4/2014 23:43
676847,Hamill-Hackett,MJ-21460,Shoes,6,17.46,104.76,5/22/2014 6:36
93356,Waters-Walker,QN-82852,Belt,11,44.93,494.23,6/19/2014 4:21
850140,Kunze Inc,LW-86841,Shoes,18,44.87,807.66,7/12/2014 18:59
750461,"Volkman, Goyette and Lemke",WJ-02096,Belt,6,54.49,326.94,4/14/2014 11:01
995267,Cole-Eichmann,VG-32047,Shirt,9,41.58,374.22,6/21/2014 21:58
850140,Kunze Inc,LL-46261,Shoes,8,80.6,644.8,12/5/2013 20:18
524021,Hegmann and Sons,MJ-21460,Shoes,19,67.55,1283.45,6/21/2014 20:12
305803,"Davis, Kshlerin and Reilly",WJ-02096,Belt,5,16.32,81.6,11/17/2013 8:52
299771,"Kuphal, Zieme and Kub",VG-32047,Shirt,15,21.39,320.85,12/7/2013 12:59
995267,Cole-Eichmann,QN-82852,Belt,19,99.9,1898.1,4/23/2014 22:30
758133,"Kihn, McClure and Denesik",AS-93055,Shirt,7,48.05,336.35,2/4/2014 9:34
758133,"Kihn, McClure and Denesik",QN-82852,Belt,18,94.04,1692.72,7/25/2014 18:30
555594,"Ernser, Cruickshank and Lind",AS-93055,Shirt,15,94,1410,7/22/2014 11:45
201259,Koelpin PLC,GS-86623,Shoes,5,26.55,132.75,11/22/2013 5:59
563905,"Kerluke, Reilly and Bechtelar",VG-32047,Shirt,5,64.85,324.25,5/13/2014 16:03
734922,Berge LLC,QN-82852,Belt,5,16.73,83.65,3/1/2014 13:41
555594,"Ernser, Cruickshank and Lind",LL-46261,Shoes,7,46.6,326.2,9/6/2014 15:20
98022,Heidenreich-Bosco,QN-82852,Belt,6,48.13,288.78,11/4/2013 3:41
296809,Carroll PLC,FK-71853,Shirt,3,55.6,166.8,11/27/2013 18:35
296809,Carroll PLC,LL-46261,Shoes,19,78.56,1492.64,7/19/2014 20:45
201259,Koelpin PLC,QN-82852,Belt,5,25.46,127.3,10/23/2013 7:39
563905,"Kerluke, Reilly and Bechtelar",WJ-02096,Belt,9,43.28,389.52,8/24/2014 22:30
563905,"Kerluke, Reilly and Bechtelar",VG-32047,Shirt,15,41.15,617.25,2/12/2014 5:07
750461,"Volkman, Goyette and Lemke",FK-71853,Shirt,19,39.29,746.51,3/21/2014 14:27
758133,"Kihn, McClure and Denesik",QN-82852,Belt,9,46.44,417.96,7/2/2014 6:59
659366,Waelchi-Fahey,QN-82852,Belt,1,95.03,95.03,3/31/2014 10:31
98022,Heidenreich-Bosco,FK-71853,Shirt,16,82.77,1324.32,7/21/2014 8:11
676847,Hamill-Hackett,LL-46261,Shoes,6,72.06,432.36,8/10/2014 14:34
659366,Waelchi-Fahey,MJ-21460,Shoes,5,43.64,218.2,1/30/2014 19:04
299771,"Kuphal, Zieme and Kub",LW-86841,Shoes,2,76.42,152.84,9/9/2014 14:28
659366,Waelchi-Fahey,VG-32047,Shirt,11,25.74,283.14,2/6/2014 22:09
929400,"Senger, Upton and Breitenberg",WJ-02096,Belt,2,40.68,81.36,6/20/2014 3:39
659366,Waelchi-Fahey,WJ-02096,Belt,4,12.66,50.64,6/1/2014 3:07
929400,"Senger, Upton and Breitenberg",VG-32047,Shirt,3,21.25,63.75,3/8/2014 5:49
758133,"Kihn, McClure and Denesik",FK-71853,Shirt,16,96.47,1543.52,3/17/2014 15:44
750461,"Volkman, Goyette and Lemke",GS-86623,Shoes,9,34.83,313.47,1/28/2014 15:52
524021,Hegmann and Sons,KV-99194,Shirt,1,24.9,24.9,7/5/2014 14:02
929400,"Senger, Upton and Breitenberg",KV-99194,Shirt,11,19.26,211.86,12/1/2013 21:23
555594,"Ernser, Cruickshank and Lind",VG-32047,Shirt,7,84.46,591.22,11/15/2013 23:56
850140,Kunze Inc,LW-86841,Shoes,14,62.03,868.42,3/29/2014 3:29
299771,"Kuphal, Zieme and Kub",KV-99194,Shirt,3,79,237,11/26/2013 8:15
711951,Kilback-Gerlach,KV-99194,Shirt,12,31.44,377.28,12/15/2013 21:44
524021,Hegmann and Sons,WJ-02096,Belt,2,73.96,147.92,12/8/2013 4:33
115138,Gorczany-Hahn,QN-82852,Belt,18,18.41,331.38,5/7/2014 4:59
555594,"Ernser, Cruickshank and Lind",QN-82852,Belt,18,39.11,703.98,1/19/2014 6:06
115138,Gorczany-Hahn,FK-71853,Shirt,5,94.62,473.1,2/14/2014 22:33
929400,"Senger, Upton and Breitenberg",WJ-02096,Belt,7,50.85,355.95,7/25/2014 14:33
115138,Gorczany-Hahn,AS-93055,Shirt,7,45.14,315.98,4/13/2014 9:02
296809,Carroll PLC,FK-71853,Shirt,6,15.69,94.14,5/9/2014 2:08
98022,Heidenreich-Bosco,QN-82852,Belt,10,76.76,767.6,12/8/2013 18:53
850140,Kunze Inc,LW-86841,Shoes,20,53.03,1060.6,8/20/2014 20:57
304860,Huel-Haag,GS-86623,Shoes,2,78.64,157.28,4/24/2014 6:13
93356,Waters-Walker,QN-82852,Belt,19,72.11,1370.09,2/22/2014 7:22
563905,"Kerluke, Reilly and Bechtelar",GS-86623,Shoes,16,33.21,531.36,9/5/2014 17:43
850140,Kunze Inc,AS-93055,Shirt,8,59.23,473.84,4/15/2014 2:11
93356,Waters-Walker,LL-46261,Shoes,13,81.45,1058.85,11/2/2013 14:31
115138,Gorczany-Hahn,AS-93055,Shirt,3,61.04,183.12,5/26/2014 22:06
850140,Kunze Inc,AS-93055,Shirt,2,39.31,78.62,3/5/2014 15:04
524021,Hegmann and Sons,FK-71853,Shirt,7,60.29,422.03,8/15/2014 15:41
299771,"Kuphal, Zieme and Kub",MJ-21460,Shoes,14,46.43,650.02,5/17/2014 10:02
750461,"Volkman, Goyette and Lemke",WJ-02096,Belt,15,15.12,226.8,3/16/2014 15:37
296809,Carroll PLC,LL-46261,Shoes,8,51.47,411.76,1/9/2014 11:37
734922,Berge LLC,MJ-21460,Shoes,15,91.88,1378.2,12/10/2013 12:02
296809,Carroll PLC,VG-32047,Shirt,16,82.36,1317.76,3/24/2014 12:29
98022,Heidenreich-Bosco,LL-46261,Shoes,8,84.24,673.92,4/18/2014 19:19
659366,Waelchi-Fahey,GS-86623,Shoes,10,88.36,883.6,8/24/2014 23:09
676847,Hamill-Hackett,LW-86841,Shoes,10,47.2,472,5/5/2014 18:51
929400,"Senger, Upton and Breitenberg",WJ-02096,Belt,20,51.16,1023.2,10/31/2013 15:48
304860,Huel-Haag,KV-99194,Shirt,3,55.75,167.25,11/22/2013 4:34
201259,Koelpin PLC,MJ-21460,Shoes,13,81.58,1060.54,2/10/2014 1:33
758133,"Kihn, McClure and Denesik",VG-32047,Shirt,1,13.47,13.47,8/7/2014 4:18
676847,Hamill-Hackett,VG-32047,Shirt,11,23.33,256.63,12/29/2013 2:31
98022,Heidenreich-Bosco,WJ-02096,Belt,12,84.23,1010.76,1/28/2014 0:34
659366,Waelchi-Fahey,LL-46261,Shoes,17,98.86,1680.62,5/10/2014 2:37
850140,Kunze Inc,KV-99194,Shirt,5,12.07,60.35,10/24/2013 8:39
676847,Hamill-Hackett,AS-93055,Shirt,8,87.5,700,1/26/2014 12:58
659366,Waelchi-Fahey,VG-32047,Shirt,8,63.37,506.96,5/2/2014 1:13
524021,Hegmann and Sons,FK-71853,Shirt,9,87.07,783.63,9/10/2014 21:37
98022,Heidenreich-Bosco,KV-99194,Shirt,2,88.57,177.14,12/31/2013 8:53
299771,"Kuphal, Zieme and Kub",MJ-21460,Shoes,1,16.29,16.29,4/25/2014 4:33
201259,Koelpin PLC,GS-86623,Shoes,8,55.16,441.28,8/14/2014 3:02
995267,Cole-Eichmann,MJ-21460,Shoes,20,25.66,513.2,3/24/2014 3:39
98022,Heidenreich-Bosco,LL-46261,Shoes,13,19.69,255.97,1/28/2014 23:58
305803,"Davis, Kshlerin and Reilly",MJ-21460,Shoes,3,71.28,213.84,8/7/2014 10:01
524021,Hegmann and Sons,QN-82852,Belt,6,57.14,342.84,8/24/2014 6:07
659366,Waelchi-Fahey,MJ-21460,Shoes,3,97.92,293.76,8/3/2014 14:44
555594,"Ernser, Cruickshank and Lind",VG-32047,Shirt,9,60.94,548.46,9/14/2014 1:36
93356,Waters-Walker,LL-46261,Shoes,6,51.18,307.08,7/31/2014 17:50
659366,Waelchi-Fahey,FK-71853,Shirt,18,62.58,1126.44,3/31/2014 8:44
750461,"Volkman, Goyette and Lemke",FK-71853,Shirt,13,77.42,1006.46,7/16/2014 0:38
93356,Waters-Walker,LL-46261,Shoes,11,36.49,401.39,12/26/2013 18:47
305803,"Davis, Kshlerin and Reilly",KV-99194,Shirt,17,57.5,977.5,2/25/2014 14:46
296809,Carroll PLC,WJ-02096,Belt,17,76.08,1293.36,11/14/2013 23:35
659366,Waelchi-Fahey,FK-71853,Shirt,14,11.91,166.74,3/9/2014 23:23
850140,Kunze Inc,LW-86841,Shoes,17,82.86,1408.62,10/2/2014 16:34
929400,"Senger, Upton and Breitenberg",QN-82852,Belt,16,51.93,830.88,1/17/2014 8:36
299771,"Kuphal, Zieme and Kub",LL-46261,Shoes,17,96.71,1644.07,9/4/2014 18:21
115138,Gorczany-Hahn,QN-82852,Belt,15,25.75,386.25,11/30/2013 12:14
850140,Kunze Inc,AS-93055,Shirt,6,38.77,232.62,6/19/2014 22:24
304860,Huel-Haag,LW-86841,Shoes,6,52.93,317.58,12/3/2013 2:57
711951,Kilback-Gerlach,MJ-21460,Shoes,17,97.99,1665.83,1/15/2014 22:54
659366,Waelchi-Fahey,QN-82852,Belt,10,36.72,367.2,6/18/2014 14:02
734922,Berge LLC,MJ-21460,Shoes,9,84.43,759.87,6/23/2014 9:12
750461,"Volkman, Goyette and Lemke",GS-86623,Shoes,11,68.13,749.43,5/9/2014 9:32
299771,"Kuphal, Zieme and Kub",VG-32047,Shirt,6,92.62,555.72,6/19/2014 12:30
995267,Cole-Eichmann,KV-99194,Shirt,8,51.86,414.88,11/23/2013 2:03
750461,"Volkman, Goyette and Lemke",AS-93055,Shirt,19,52.45,996.55,8/8/2014 3:00
304860,Huel-Haag,KV-99194,Shirt,19,32.23,612.37,10/2/2014 1:11
563905,"Kerluke, Reilly and Bechtelar",QN-82852,Belt,4,61.06,244.24,5/9/2014 3:27
711951,Kilback-Gerlach,AS-93055,Shirt,11,44.56,490.16,2/23/2014 5:35
115138,Gorczany-Hahn,WJ-02096,Belt,1,58.03,58.03,12/11/2013 14:01
758133,"Kihn, McClure and Denesik",QN-82852,Belt,11,39.89,438.79,5/18/2014 15:53
524021,Hegmann and Sons,MJ-21460,Shoes,18,51.46,926.28,7/8/2014 18:37
676847,Hamill-Hackett,AS-93055,Shirt,12,92.28,1107.36,4/28/2014 21:34
115138,Gorczany-Hahn,FK-71853,Shirt,20,32.53,650.6,10/22/2014 10:04
304860,Huel-Haag,VG-32047,Shirt,6,67.49,404.94,9/17/2014 12:35
296809,Carroll PLC,VG-32047,Shirt,11,14.92,164.12,1/14/2014 5:53
299771,"Kuphal, Zieme and Kub",MJ-21460,Shoes,3,16.5,49.5,8/9/2014 14:56
734922,Berge LLC,WJ-02096,Belt,20,25.09,501.8,2/15/2014 0:17
711951,Kilback-Gerlach,KV-99194,Shirt,20,72.86,1457.2,12/27/2013 3:41
304860,Huel-Haag,WJ-02096,Belt,4,60.95,243.8,1/20/2014 10:14
676847,Hamill-Hackett,QN-82852,Belt,12,47.05,564.6,10/24/2013 7:27
850140,Kunze Inc,VG-32047,Shirt,20,36,720,11/19/2013 4:49
555594,"Ernser, Cruickshank and Lind",LW-86841,Shoes,3,25.52,76.56,12/15/2013 23:23
98022,Heidenreich-Bosco,QN-82852,Belt,3,43.89,131.67,2/6/2014 22:02
98022,Heidenreich-Bosco,LL-46261,Shoes,6,55.68,334.08,2/25/2014 2:43
734922,Berge LLC,KV-99194,Shirt,13,21.76,282.88,9/16/2014 19:43
659366,Waelchi-Fahey,VG-32047,Shirt,14,85.44,1196.16,6/4/2014 14:34
711951,Kilback-Gerlach,AS-93055,Shirt,20,88.71,1774.2,8/14/2014 19:08
929400,"Senger, Upton and Breitenberg",LW-86841,Shoes,1,32.44,32.44,6/21/2014 4:34
758133,"Kihn, McClure and Denesik",FK-71853,Shirt,12,40.53,486.36,3/6/2014 3:01
711951,Kilback-Gerlach,LL-46261,Shoes,8,41.95,335.6,5/18/2014 0:50
98022,Heidenreich-Bosco,KV-99194,Shirt,3,41.04,123.12,10/9/2014 15:27
750461,"Volkman, Goyette and Lemke",AS-93055,Shirt,4,65.64,262.56,2/15/2014 17:07
734922,Berge LLC,FK-71853,Shirt,4,59,236,8/15/2014 7:13
296809,Carroll PLC,GS-86623,Shoes,19,20.01,380.19,11/20/2013 14:26
711951,Kilback-Gerlach,LL-46261,Shoes,18,37.06,667.08,7/9/2014 17:04
929400,"Senger, Upton and Breitenberg",QN-82852,Belt,8,13.41,107.28,12/21/2013 4:32
115138,Gorczany-Hahn,AS-93055,Shirt,19,36.84,699.96,9/13/2014 6:33
659366,Waelchi-Fahey,KV-99194,Shirt,18,13.47,242.46,3/25/2014 4:34
299771,"Kuphal, Zieme and Kub",LW-86841,Shoes,11,87.09,957.99,10/22/2013 16:08
201259,Koelpin PLC,QN-82852,Belt,19,18.85,358.15,7/2/2014 12:21
850140,Kunze Inc,LW-86841,Shoes,7,56.99,398.93,6/25/2014 22:06
115138,Gorczany-Hahn,AS-93055,Shirt,20,31.99,639.8,9/15/2014 19:14
304860,Huel-Haag,GS-86623,Shoes,14,27.24,381.36,3/14/2014 4:16
758133,"Kihn, McClure and Denesik",LW-86841,Shoes,11,51.07,561.77,3/6/2014 9:21
524021,Hegmann and Sons,GS-86623,Shoes,11,40.32,443.52,2/7/2014 7:39
758133,"Kihn, McClure and Denesik",WJ-02096,Belt,19,62.8,1193.2,8/27/2014 15:48
115138,Gorczany-Hahn,LW-86841,Shoes,5,33.56,167.8,9/20/2014 7:43
299771,"Kuphal, Zieme and Kub",FK-71853,Shirt,17,60.22,1023.74,9/26/2014 18:44
296809,Carroll PLC,GS-86623,Shoes,8,21.41,171.28,9/11/2014 18:45
296809,Carroll PLC,KV-99194,Shirt,13,43.03,559.39,1/20/2014 19:43
93356,Waters-Walker,LL-46261,Shoes,11,76.8,844.8,2/23/2014 18:36
850140,Kunze Inc,MJ-21460,Shoes,12,81.66,979.92,9/4/2014 3:23
995267,Cole-Eichmann,FK-71853,Shirt,16,63.2,1011.2,6/22/2014 9:34
711951,Kilback-Gerlach,LW-86841,Shoes,1,95.18,95.18,11/16/2013 10:27
201259,Koelpin PLC,VG-32047,Shirt,10,20.2,202,10/2/2014 18:38
305803,"Davis, Kshlerin and Reilly",LL-46261,Shoes,15,59.34,890.1,12/4/2013 2:43
296809,Carroll PLC,WJ-02096,Belt,16,91.77,1468.32,2/23/2014 18:10
734922,Berge LLC,MJ-21460,Shoes,4,87.65,350.6,4/26/2014 20:59
711951,Kilback-Gerlach,LL-46261,Shoes,13,34.4,447.2,4/27/2014 2:17
734922,Berge LLC,LL-46261,Shoes,18,44.89,808.02,5/28/2014 15:41
929400,"Senger, Upton and Breitenberg",LL-46261,Shoes,15,75,1125,9/25/2014 18:00
929400,"Senger, Upton and Breitenberg",MJ-21460,Shoes,8,19.05,152.4,1/8/2014 0:39
115138,Gorczany-Hahn,WJ-02096,Belt,5,13.31,66.55,6/2/2014 11:41
304860,Huel-Haag,KV-99194,Shirt,5,58.12,290.6,8/2/2014 12:08
676847,Hamill-Hackett,LL-46261,Shoes,19,58.95,1120.05,3/12/2014 6:27
758133,"Kihn, McClure and Denesik",GS-86623,Shoes,16,51.28,820.48,12/19/2013 5:40
659366,Waelchi-Fahey,KV-99194,Shirt,2,35.44,70.88,10/25/2013 14:47
555594,"Ernser, Cruickshank and Lind",KV-99194,Shirt,16,79.23,1267.68,9/20/2014 9:36
524021,Hegmann and Sons,LW-86841,Shoes,2,19.42,38.84,8/23/2014 3:19
93356,Waters-Walker,KV-99194,Shirt,9,70.81,637.29,1/30/2014 11:06
555594,"Ernser, Cruickshank and Lind",WJ-02096,Belt,10,27.65,276.5,8/5/2014 2:49
555594,"Ernser, Cruickshank and Lind",KV-99194,Shirt,18,53.57,964.26,11/9/2013 7:53
98022,Heidenreich-Bosco,GS-86623,Shoes,19,87.08,1654.52,9/20/2014 22:36
304860,Huel-Haag,AS-93055,Shirt,3,88.25,264.75,11/22/2013 2:08
115138,Gorczany-Hahn,MJ-21460,Shoes,16,74.73,1195.68,10/8/2014 7:30
758133,"Kihn, McClure and Denesik",VG-32047,Shirt,15,39.14,587.1,8/2/2014 17:24
850140,Kunze Inc,LW-86841,Shoes,5,63.32,316.6,2/13/2014 19:42
305803,"Davis, Kshlerin and Reilly",LW-86841,Shoes,7,18.99,132.93,4/17/2014 16:31
93356,Waters-Walker,FK-71853,Shirt,6,48.34,290.04,10/7/2014 11:12
93356,Waters-Walker,MJ-21460,Shoes,1,76.61,76.61,5/7/2014 10:17
929400,"Senger, Upton and Breitenberg",MJ-21460,Shoes,11,10.12,111.32,3/29/2014 5:53
995267,Cole-Eichmann,AS-93055,Shirt,20,96.14,1922.8,8/2/2014 19:08
304860,Huel-Haag,MJ-21460,Shoes,10,69.19,691.9,1/7/2014 14:36
563905,"Kerluke, Reilly and Bechtelar",VG-32047,Shirt,16,64.75,1036,2/11/2014 9:04
201259,Koelpin PLC,LW-86841,Shoes,1,62.87,62.87,1/1/2014 22:40
299771,"Kuphal, Zieme and Kub",QN-82852,Belt,13,13.05,169.65,9/4/2014 16:33
93356,Waters-Walker,KV-99194,Shirt,2,96.8,193.6,7/13/2014 9:44
98022,Heidenreich-Bosco,LL-46261,Shoes,6,23.04,138.24,3/2/2014 3:45
850140,Kunze Inc,KV-99194,Shirt,8,35.98,287.84,5/20/2014 14:38
115138,Gorczany-Hahn,AS-93055,Shirt,9,14.71,132.39,3/1/2014 13:31
995267,Cole-Eichmann,GS-86623,Shoes,2,43.85,87.7,6/9/2014 21:31
563905,"Kerluke, Reilly and Bechtelar",LW-86841,Shoes,9,52.42,471.78,5/22/2014 11:49
98022,Heidenreich-Bosco,QN-82852,Belt,15,20.07,301.05,6/27/2014 12:15
659366,Waelchi-Fahey,QN-82852,Belt,17,56.27,956.59,2/9/2014 14:52
98022,Heidenreich-Bosco,QN-82852,Belt,8,79.2,633.6,6/7/2014 18:59
555594,"Ernser, Cruickshank and Lind",MJ-21460,Shoes,7,97.93,685.51,4/5/2014 0:29
524021,Hegmann and Sons,QN-82852,Belt,8,49.06,392.48,5/3/2014 20:50
750461,"Volkman, Goyette and Lemke",GS-86623,Shoes,5,62.46,312.3,5/13/2014 14:52
305803,"Davis, Kshlerin and Reilly",FK-71853,Shirt,20,11.96,239.2,9/4/2014 18:27
201259,Koelpin PLC,KV-99194,Shirt,12,91.33,1095.96,3/1/2014 9:46
115138,Gorczany-Hahn,WJ-02096,Belt,3,93.5,280.5,8/25/2014 21:36
98022,Heidenreich-Bosco,GS-86623,Shoes,19,26.88,510.72,4/7/2014 7:12
555594,"Ernser, Cruickshank and Lind",MJ-21460,Shoes,8,49.15,393.2,10/12/2014 21:49
98022,Heidenreich-Bosco,WJ-02096,Belt,7,52.04,364.28,11/7/2013 19:58
995267,Cole-Eichmann,KV-99194,Shirt,13,97.04,1261.52,6/17/2014 8:28
555594,"Ernser, Cruickshank and Lind",AS-93055,Shirt,6,29.88,179.28,9/4/2014 14:54
524021,Hegmann and Sons,KV-99194,Shirt,6,62.36,374.16,1/7/2014 3:14
524021,Hegmann and Sons,AS-93055,Shirt,15,88.44,1326.6,10/15/2014 1:54
711951,Kilback-Gerlach,KV-99194,Shirt,16,79.71,1275.36,8/30/2014 6:23
676847,Hamill-Hackett,LW-86841,Shoes,11,96.57,1062.27,1/9/2014 13:36
296809,Carroll PLC,VG-32047,Shirt,12,79.85,958.2,1/16/2014 11:38
93356,Waters-Walker,AS-93055,Shirt,2,47.74,95.48,3/22/2014 2:00
995267,Cole-Eichmann,KV-99194,Shirt,18,97.33,1751.94,1/16/2014 12:27
676847,Hamill-Hackett,FK-71853,Shirt,18,98.39,1771.02,1/6/2014 8:14
995267,Cole-Eichmann,LL-46261,Shoes,2,94.06,188.12,12/16/2013 21:29
929400,"Senger, Upton and Breitenberg",LL-46261,Shoes,11,19.17,210.87,10/26/2013 13:17
305803,"Davis, Kshlerin and Reilly",GS-86623,Shoes,18,20.74,373.32,10/22/2013 20:01
995267,Cole-Eichmann,AS-93055,Shirt,7,80.69,564.83,1/10/2014 21:42
93356,Waters-Walker,AS-93055,Shirt,15,84.23,1263.45,7/18/2014 4:09
524021,Hegmann and Sons,GS-86623,Shoes,9,39.14,352.26,11/17/2013 23:11
929400,"Senger, Upton and Breitenberg",VG-32047,Shirt,10,67.36,673.6,11/2/2013 3:09
734922,Berge LLC,VG-32047,Shirt,14,93.45,1308.3,2/10/2014 7:13
201259,Koelpin PLC,LL-46261,Shoes,8,62.68,501.44,11/10/2013 16:34
555594,"Ernser, Cruickshank and Lind",QN-82852,Belt,13,86.33,1122.29,10/23/2013 2:35
711951,Kilback-Gerlach,GS-86623,Shoes,1,25.23,25.23,2/15/2014 18:56
555594,"Ernser, Cruickshank and Lind",KV-99194,Shirt,14,93.56,1309.84,10/21/2014 14:14
296809,Carroll PLC,LW-86841,Shoes,19,22.36,424.84,7/8/2014 0:03
711951,Kilback-Gerlach,LW-86841,Shoes,13,72.82,946.66,2/10/2014 18:44
98022,Heidenreich-Bosco,AS-93055,Shirt,4,22.33,89.32,5/22/2014 10:55
929400,"Senger, Upton and Breitenberg",MJ-21460,Shoes,5,41.67,208.35,12/4/2013 8:24
296809,Carroll PLC,MJ-21460,Shoes,13,29.69,385.97,3/25/2014 9:03
758133,"Kihn, McClure and Denesik",GS-86623,Shoes,20,20.83,416.6,9/7/2014 19:59
524021,Hegmann and Sons,LW-86841,Shoes,12,96.49,1157.88,8/24/2014 2:46
758133,"Kihn, McClure and Denesik",WJ-02096,Belt,15,51.35,770.25,5/13/2014 12:39
563905,"Kerluke, Reilly and Bechtelar",GS-86623,Shoes,16,90.96,1455.36,11/2/2013 9:19
711951,Kilback-Gerlach,LW-86841,Shoes,12,22.81,273.72,9/17/2014 2:46
93356,Waters-Walker,AS-93055,Shirt,19,28.76,546.44,12/19/2013 19:43
98022,Heidenreich-Bosco,VG-32047,Shirt,2,35.71,71.42,7/3/2014 3:16
296809,Carroll PLC,LL-46261,Shoes,9,32.75,294.75,2/8/2014 10:48
758133,"Kihn, McClure and Denesik",LW-86841,Shoes,2,92.23,184.46,2/18/2014 3:57
524021,Hegmann and Sons,MJ-21460,Shoes,12,18.24,218.88,5/1/2014 16:46
305803,"Davis, Kshlerin and Reilly",AS-93055,Shirt,6,49.81,298.86,11/1/2013 16:31
304860,Huel-Haag,QN-82852,Belt,2,22.38,44.76,1/23/2014 23:47
929400,"Senger, Upton and Breitenberg",QN-82852,Belt,10,25.65,256.5,12/20/2013 14:10
299771,"Kuphal, Zieme and Kub",QN-82852,Belt,12,37.5,450,12/30/2013 4:04
115138,Gorczany-Hahn,VG-32047,Shirt,20,72.35,1447,8/11/2014 19:02
758133,"Kihn, McClure and Denesik",LL-46261,Shoes,2,48.21,96.42,9/16/2014 16:12
711951,Kilback-Gerlach,VG-32047,Shirt,1,91.96,91.96,10/23/2013 15:08
929400,"Senger, Upton and Breitenberg",GS-86623,Shoes,7,62.27,435.89,12/30/2013 1:55
93356,Waters-Walker,KV-99194,Shirt,20,99.74,1994.8,4/18/2014 15:39
98022,Heidenreich-Bosco,QN-82852,Belt,15,82.82,1242.3,3/27/2014 4:42
734922,Berge LLC,GS-86623,Shoes,8,85.04,680.32,2/26/2014 14:43
995267,Cole-Eichmann,LW-86841,Shoes,10,73.24,732.4,6/7/2014 10:04
93356,Waters-Walker,AS-93055,Shirt,9,68.62,617.58,8/12/2014 8:06
304860,Huel-Haag,QN-82852,Belt,1,57.33,57.33,8/27/2014 11:27
850140,Kunze Inc,KV-99194,Shirt,9,27.16,244.44,2/8/2014 6:22
659366,Waelchi-Fahey,LW-86841,Shoes,10,56.56,565.6,10/1/2014 11:38
296809,Carroll PLC,WJ-02096,Belt,20,14.37,287.4,7/20/2014 17:22
758133,"Kihn, McClure and Denesik",WJ-02096,Belt,11,60.5,665.5,8/3/2014 10:39
850140,Kunze Inc,GS-86623,Shoes,16,19.66,314.56,5/3/2014 21:18
93356,Waters-Walker,GS-86623,Shoes,13,90.95,1182.35,6/14/2014 12:43
304860,Huel-Haag,LL-46261,Shoes,9,98.22,883.98,7/26/2014 1:10
98022,Heidenreich-Bosco,LW-86841,Shoes,14,74.83,1047.62,6/27/2014 5:58
